Username,Rating,Date,Review,Reply,Reply_Date
tarique bagwan,5,1 April 2025,excellent,N/A,N/A
Diamond Glass,5,1 April 2025,nice,N/A,N/A
situbishnoi 07,5,1 April 2025,good ğŸ‘,N/A,N/A
Vipul yadav,5,1 April 2025,very good app with 100% accuracy,N/A,N/A
Ananta Gopal giri,5,1 April 2025,nice,N/A,N/A
paras saini,5,1 April 2025,thanks to carinfo,N/A,N/A
Chetan Salunkhe,5,1 April 2025,Good app,N/A,N/A
Mr Dev,5,1 April 2025,nice,N/A,N/A
S.logesh Kumar,5,1 April 2025,awesome,N/A,N/A
Pintu Kumar,5,1 April 2025,good,N/A,N/A
Pardeep Saini,5,1 April 2025,it's show accurate status of vehicle,N/A,N/A
Yousuf Ali,3,1 April 2025,so cute ğŸ¥°,N/A,N/A
ram ranmale,5,1 April 2025,amazing app,N/A,N/A
Rajasekar Mariappan,5,1 April 2025,excellent,N/A,N/A
BOSS MASS,5,1 April 2025,nice à®…à®ªà¯à®ªà¯‹,N/A,N/A
Anuradha Chittora,5,1 April 2025,it gives accurate car information. Nice app ğŸ‘ğŸ‘,N/A,N/A
sayam koli,5,1 April 2025,very good information,N/A,N/A
arun mr,4,1 April 2025,good,N/A,N/A
YashParihar,5,1 April 2025,good,N/A,N/A
mohan raj,1,1 April 2025,the app is not showing updated ownership and insurance details of a vehicle.the app is not sync with parivahan data at all times.waste,N/A,N/A
pranali shinde,5,1 April 2025,nice,N/A,N/A
MEESAIRAAJESH NAINAAR,5,1 April 2025,nice,N/A,N/A
Bhavdeep Pokar,5,1 April 2025,good application,N/A,N/A
Dilawarsinh Mori,1,1 April 2025,Bakvash,N/A,N/A
AYAN Mallick,5,1 April 2025,good ğŸ‘ information app,N/A,N/A
Kunal Khare78,4,1 April 2025,nice,N/A,N/A
Dinesh Gujjar,5,1 April 2025,best apps,N/A,N/A
Adarsh Kumar,5,1 April 2025,excellent,N/A,N/A
Amir Kathat,4,1 April 2025,Good,N/A,N/A
sunil patro,5,1 April 2025,good,N/A,N/A
Piyush Pawar,5,1 April 2025,very nice app and important app,N/A,N/A
Akash Tiwari,5,1 April 2025,GOOD APP,N/A,N/A
Kaizen Choudhury,3,1 April 2025,Average,N/A,N/A
Prince Shukla,5,1 April 2025,that's nice app,N/A,N/A
Bijen Khundrakpam,5,1 April 2025,very quick information,N/A,N/A
Lalbiaksanga Ralte,5,1 April 2025,Useful apps love it,N/A,N/A
Rakibur Rahman,5,1 April 2025,superb appğŸ‘,N/A,N/A
Ssathiya Sathya,4,1 April 2025,good,N/A,N/A
Maa Laxmi,4,1 April 2025,nice,N/A,N/A
Pmy India,5,1 April 2025,good app,N/A,N/A
Shreyas Singh chandel,5,1 April 2025,very poor car information,N/A,N/A
A.S. Jacob,1,1 April 2025,Unable to see and zoom the picture of the challan.,N/A,N/A
Wasim Bhati,5,1 April 2025,best,N/A,N/A
Rapid Engine,5,1 April 2025,good,N/A,N/A
Anand Rathore,5,1 April 2025,"nice app ,ease of working",N/A,N/A
Ahamsha,5,1 April 2025,very good service,N/A,N/A
gokuldas a,5,1 April 2025,good,N/A,N/A
HAIDAR ALI,4,1 April 2025,good information,N/A,N/A
gdv jaydeep,5,1 April 2025,best and fast â©,N/A,N/A
RAJU BADAIK {HUMAN RIGHTS COUNCIL},5,1 April 2025,good,N/A,N/A
Tarun Kaushik,5,1 April 2025,nice app,N/A,N/A
Amit Sinha,4,1 April 2025,good,N/A,N/A
Krishna Raybole,5,1 April 2025,Nice ğŸ‘,N/A,N/A
Tarun Sharma,4,1 April 2025,very amazing right details,N/A,N/A
Shubhankar Dey,1,1 April 2025,not provided actual information properly,N/A,N/A
imthiyaz imthiyaz gurpur,5,1 April 2025,very good app,N/A,N/A
Dinesh Chettri,5,1 April 2025,good app,N/A,N/A
Rinku Meher,4,1 April 2025,good,N/A,N/A
Shakila Shaikh,5,1 April 2025,nice,N/A,N/A
Akash kumar jehanabad,5,1 April 2025,superb,N/A,N/A
Hitendra Malviya,5,1 April 2025,very good app,N/A,N/A
Yash Paradhi,5,1 April 2025,good,N/A,N/A
zainudheen. tirur,5,1 April 2025,very simple and fast information,N/A,N/A
Sonu,5,1 April 2025,nice,N/A,N/A
Uday Jaiswal,5,1 April 2025,à¤à¤•à¥à¤¸à¤²à¥‡à¤‚à¤Ÿ,N/A,N/A
Dj RVG sound &furniture ratlam,5,1 April 2025,greatful,N/A,N/A
Rajendra prabu Kandasamy,5,1 April 2025,I have use this app really very accuracy & enjoyable this app.really ver good informative.thanks to car info designing team.,N/A,N/A
Kamlesh Makwana,5,1 April 2025,nice app,N/A,N/A
akash kamble,4,1 April 2025,good,N/A,N/A
Palash Roy,3,1 April 2025,Very good,N/A,N/A
Yapri Debbarma,5,1 April 2025,Good,N/A,N/A
vandan mandwal,5,1 April 2025,good sarvice,N/A,N/A
Deepak Patil,5,1 April 2025,very helpful App ğŸ‘,N/A,N/A
IMMANUEL BEULAH MINISTRIES,4,1 April 2025,true information,N/A,N/A
Sibaram Modak,5,1 April 2025,Helpful,N/A,N/A
Nitish Sharma,5,31 March 2025,best application,N/A,N/A
Abhishek kumar,5,31 March 2025,best information,N/A,N/A
Shubham Jagtap,5,31 March 2025,good experience,N/A,N/A
Anil Patidar,5,31 March 2025,very good so comfartable,N/A,N/A
Kashif Ahsan,5,31 March 2025,gud,N/A,N/A
Hitendra Badgujar,5,31 March 2025,good,N/A,N/A
Arif Shaikh,5,31 March 2025,very useful application,N/A,N/A
Manthan Nikam,5,31 March 2025,Nice app,N/A,N/A
Aryan S,4,31 March 2025,SERVER DOWN WHAT DID I DO,N/A,N/A
Akhilesh Chaudhari,5,31 March 2025,Nice,N/A,N/A
sandeepkumr Kanumuru,5,31 March 2025,good ğŸ‘,N/A,N/A
sundararaj Aaron,5,31 March 2025,good app,N/A,N/A
Ameer p m,5,31 March 2025,good,N/A,N/A
anni Tawar,5,31 March 2025,good,N/A,N/A
Jevin Dhankhar,5,31 March 2025,good,N/A,N/A
Emmanuel Barla,5,31 March 2025,nice,N/A,N/A
Arjun Barnwal,5,31 March 2025,great,N/A,N/A
Sanjiv Gupta,5,31 March 2025,nice ğŸ‘,N/A,N/A
Ram Jane,5,31 March 2025,cool,N/A,N/A
Biswajit Mishra,5,31 March 2025,ti is a helpful app,N/A,N/A
Kajal Ranjan,5,31 March 2025,very good,N/A,N/A
Chandansampa disha,5,31 March 2025,"poper information give our this app, best rto app",N/A,N/A
Tente rengneichung,5,31 March 2025,"it is easy to use, and there is no ad",N/A,N/A
Cool Dude Gourav,4,31 March 2025,nice,N/A,N/A
Sonamukhi 102,5,31 March 2025,Great ğŸ‘,N/A,N/A
Preeti Kunari,1,31 March 2025,good,N/A,N/A
prem kumar,5,31 March 2025,good app,N/A,N/A
Aarav Raturi,5,31 March 2025,bhut badiya,N/A,N/A
Dhirendrasinh Baria,5,31 March 2025,very good ğŸ‘,N/A,N/A
Shakeel Saifi,5,31 March 2025,nice,N/A,N/A
Mohit Singh,5,31 March 2025,good,N/A,N/A
faizuddin shaikh,5,31 March 2025,good,N/A,N/A
Nishant Mansinghka,5,31 March 2025,ok,N/A,N/A
Anil Dhotre,3,31 March 2025,good,N/A,N/A
Yatendra Kumar Mishra,5,31 March 2025,nice ğŸ‘ğŸ‘ğŸ™‚ğŸ™‚,N/A,N/A
Jay Pal,5,31 March 2025,nice app,N/A,N/A
Hemant Patel,5,31 March 2025,very good,N/A,N/A
Aman__raja Varma,5,31 March 2025,osm app,N/A,N/A
Sanjay s v,1,31 March 2025,not fully updated information,N/A,N/A
Pranay Roy,5,31 March 2025,ğŸ‘,N/A,N/A
Priyam Srivastav,5,31 March 2025,very good,N/A,N/A
SaO: KiRiTo,5,31 March 2025,good,N/A,N/A
Anukash Singh,5,31 March 2025,very good aap,N/A,N/A
Ajeet Singh,5,31 March 2025,good app,N/A,N/A
Koushal Suthar,5,31 March 2025,good,N/A,N/A
Somanath Anandraj,5,31 March 2025,fantastic,N/A,N/A
shubham sahu,5,31 March 2025,good,N/A,N/A
DANISH COMPUTER,5,31 March 2025,excellent,N/A,N/A
pradeep kumar,5,31 March 2025,liked very much,N/A,N/A
Devinder Sandhu CHANDIGARH,5,31 March 2025,Great ğŸ‘,N/A,N/A
Aditya Chaubey,5,31 March 2025,Best app,N/A,N/A
mponvelu samy,5,31 March 2025,very good,N/A,N/A
Santosh Ghelot,5,31 March 2025,nice,N/A,N/A
Chinmoy Mallick,5,31 March 2025,very nice,N/A,N/A
Jeffrey lewis,5,31 March 2025,nice app,N/A,N/A
Ravindra Singh,5,31 March 2025,good excellent ğŸ‘ğŸ‘ğŸ‘ğŸ‘,N/A,N/A
Naresh Batra,5,31 March 2025,good experience,N/A,N/A
Sunil Ku Behera,5,31 March 2025,very good,N/A,N/A
Namdev Suryawanshi,1,31 March 2025,fake app,N/A,N/A
Harjinder Azad,5,31 March 2025,ok,N/A,N/A
Satpal Singh,5,31 March 2025,ok,N/A,N/A
Aditya Kumar,5,31 March 2025,photo nahi so ho raha hai,N/A,N/A
Pramod Tikhe,5,31 March 2025,excellent,N/A,N/A
Ravi Chinna ravi,5,31 March 2025,very good app,N/A,N/A
Soubhagya Lenka,5,31 March 2025,good,N/A,N/A
naveen kumar,5,31 March 2025,goooood app,N/A,N/A
Amrit Kumar,5,31 March 2025,very good,N/A,N/A
Ajay Kumar,2,31 March 2025,nice,N/A,N/A
Chaudhary Nilabhai,5,31 March 2025,good service,N/A,N/A
Rakshit Kumar,5,31 March 2025,very good,N/A,N/A
Sugar Cane,3,31 March 2025,ok,N/A,N/A
ANKIT YADAV,3,31 March 2025,good,N/A,N/A
Jitendra Pratap (Singh),4,31 March 2025,good,N/A,N/A
Gaurav Thakur,5,31 March 2025,excellent,N/A,N/A
Najmul Hoda azhri,5,31 March 2025,good app,N/A,N/A
deepakkumar deepakkumar,5,31 March 2025,all in one,N/A,N/A
Deepak Sharma,5,31 March 2025,nice aap,N/A,N/A
Anurag Rajput,3,30 March 2025,thik thak,N/A,N/A
Saddam Husain,5,30 March 2025,very good,N/A,N/A
Venisha Rymb,5,30 March 2025,nice,N/A,N/A
Jasvinder Tushar,5,30 March 2025,good app . love it,N/A,N/A
Golekha Gaigaria,2,30 March 2025,good,N/A,N/A
gangadhar tayade,5,30 March 2025,good,N/A,N/A
Shafyait Raza Khan Qadri Attari,5,30 March 2025,best Application,N/A,N/A
Ravi Porwal,1,30 March 2025,à¤…à¤ªà¤¡à¥‡à¤Ÿ à¤¨à¤¹à¥€à¤‚ à¤¦à¥‡à¤–à¤¤à¤¾ à¤¹à¥ˆ,N/A,N/A
Simon Tholoor,5,30 March 2025,nice performance,N/A,N/A
Menka Singh,5,30 March 2025,good,N/A,N/A
kalia prasad Padhy (Kali Prasad padhy),5,30 March 2025,good,N/A,N/A
rohitprajapati orai,5,30 March 2025,good,N/A,N/A
malay biswas,5,30 March 2025,my trusted app carinfo. ğŸ’•,N/A,N/A
Rahul Sharma,5,30 March 2025,good nice,N/A,N/A
Advocate Sanjeev k. Sharma,5,30 March 2025,very good app,N/A,N/A
naaa naaa,5,30 March 2025,good,N/A,N/A
Md Gulab,4,30 March 2025,nice ğŸ‘,N/A,N/A
dipu Mohanta337,5,30 March 2025,nice app,N/A,N/A
Rupchand Parui,5,30 March 2025,Right information,N/A,N/A
Pankaj Kumar,5,30 March 2025,super,N/A,N/A
Daisy Buragohain,5,30 March 2025,best app,N/A,N/A
Gokul Joshi,5,30 March 2025,good,N/A,N/A
k khan,5,30 March 2025,good for sometime,N/A,N/A
Dp Basha,5,30 March 2025,excellent super,N/A,N/A
Omkar Sathe,5,30 March 2025,nice ğŸ‘,N/A,N/A
RoXxElLe JoEs,5,30 March 2025,good,N/A,N/A
Sudipta De,5,30 March 2025,Very good,N/A,N/A
Debabrata Sahu,5,30 March 2025,Better vehicle information app,N/A,N/A
ankur kumar,5,30 March 2025,great,N/A,N/A
Pankaj Dubey,5,30 March 2025,nice app,N/A,N/A
Vijay Kumar,3,30 March 2025,average,N/A,N/A
Alfred Akash,5,30 March 2025,superb app,N/A,N/A
dipak waghmare,5,30 March 2025,very nice and excellent,N/A,N/A
ankit sutariya,5,30 March 2025,very good easily accesse.. process,N/A,N/A
Siva dasan nair,5,30 March 2025,Good,N/A,N/A
Rohit Bhatiya,4,30 March 2025,best,N/A,N/A
Yogender Janu,5,30 March 2025,best app,N/A,N/A
Lucky Prajapat,5,30 March 2025,very helpful,N/A,N/A
Gurvinder Singh,5,30 March 2025,ok service,N/A,N/A
Ramesh Kumar,4,30 March 2025,good,N/A,N/A
Kesavaraj K,4,30 March 2025,Nice,N/A,N/A
Sonu Kumar,5,30 March 2025,nice,N/A,N/A
Honey Kumar,5,30 March 2025,nice,N/A,N/A
Nasrullah N,5,30 March 2025,good,N/A,N/A
Sabeer Hameed,5,30 March 2025,good,N/A,N/A
Kartik Taj,5,30 March 2025,ok,N/A,N/A
sankar s,5,30 March 2025,Good,N/A,N/A
Ujjwal Saraswat,1,30 March 2025,"It was working well earlier but now it is not working. I have a lot of problem with this app. When I click on the photo of the challan, it is not visible. I want the photo to be clearly visible and I can see it with just one click",N/A,N/A
rahul kumar,5,30 March 2025,mast 5,N/A,N/A
Onsing Teron,5,30 March 2025,best app for vehicle information,N/A,N/A
vedant nagawade,4,30 March 2025,wow nice app,N/A,N/A
Ajeesh Kumar,5,30 March 2025,super,N/A,N/A
Chinnusamy,5,30 March 2025,good,N/A,N/A
Sudhir Kumar,1,30 March 2025,good,N/A,N/A
Ashish Amarnani,5,30 March 2025,Great ğŸ‘,N/A,N/A
Fulchan Ali,5,29 March 2025,nice,N/A,N/A
SAMIT TARIQ,4,29 March 2025,great experience,N/A,N/A
Id Mohammed Sk,5,29 March 2025,good,N/A,N/A
Abhilash Shukla,5,29 March 2025,loving info,N/A,N/A
Ankur Sangwan,5,29 March 2025,ok,N/A,N/A
GOPAL THOSAR,5,29 March 2025,good ğŸ’¯,N/A,N/A
Hotel Black Pearl,5,29 March 2025,very nice,N/A,N/A
Punam Kumbhar,5,29 March 2025,good,N/A,N/A
Pramod Yadav,5,29 March 2025,good,N/A,N/A
Aman Deep,3,29 March 2025,good,N/A,N/A
Nitin Kharwar,5,29 March 2025,bestğŸ‘ŒğŸ»,N/A,N/A
Susanta Behera,5,29 March 2025,nice,N/A,N/A
Ngura Hmar,4,29 March 2025,perfect,N/A,N/A
shibu k,1,29 March 2025,à´µà´³à´°àµ† à´®àµ‹à´¶à´‚ à´†à´ªàµà´ªàµ à´‡àµ»à´·àµà´±àµ»à´¸àµ à´à´Ÿàµà´¤àµà´¤àµ à´’à´°àµ à´®à´¾à´¸à´®à´¾à´¯à´¿à´Ÿàµà´Ÿàµà´‚ à´‡à´¤à´¿àµ½ à´•à´¾à´£à´¿à´•àµà´•àµà´¨àµà´¨à´¿à´²àµà´² à´…à´ªàµà´¡àµ‡à´·àµ» à´‡à´²àµà´²à´¾à´¤àµà´¤ à´†à´ªàµà´ªàµ,N/A,N/A
Dinesh Chandra,5,29 March 2025,good,N/A,N/A
ÃŸ .kÃ¯llÃªr GÃ£mÃ¯Ã±g,5,29 March 2025,nice app,N/A,N/A
Taranjit Singh,4,29 March 2025,good job,N/A,N/A
Joy Jes,5,29 March 2025,best app,N/A,N/A
Ambrish maddheshiya,5,29 March 2025,best h,N/A,N/A
Madan Tyagi,5,29 March 2025,This is very useful app,N/A,N/A
Irshad Ahamad,5,29 March 2025,fast and correct service,N/A,N/A
Vishal Singh,5,29 March 2025,ek no.ğŸ‘,N/A,N/A
Prathamesh Shinde,5,29 March 2025,nice,N/A,N/A
Subrata Roy,5,29 March 2025,very good app easy to use,N/A,N/A
Mangal Singh,5,29 March 2025,but one prob.. plese obtains get full name of vechile owner,N/A,N/A
saravanan varnu,5,29 March 2025,good good excellent,N/A,N/A
Pramod Kolate,5,29 March 2025,nice support,N/A,N/A
Tipu Soni,5,29 March 2025,good service,N/A,N/A
shaik jaffar,4,29 March 2025,nice,N/A,N/A
Nilesh Auti,5,29 March 2025,good app,N/A,N/A
Bantiy Mogiya Thakur,5,29 March 2025,good,N/A,N/A
Anil Kumar Malik,5,29 March 2025,very good app,N/A,N/A
Tofan kumar tarai,5,29 March 2025,exclent app,N/A,N/A
Sudapta Subhankar swain,5,29 March 2025,Best App,N/A,N/A
sriramraja sriramraja,5,29 March 2025,super app,N/A,N/A
Salauddin Shaikh,5,29 March 2025,good aap,N/A,N/A
Bibhuti Bhushan Moharana,5,29 March 2025,very good,N/A,N/A
AMRISH KUMAR,4,29 March 2025,goods service,N/A,N/A
Bikash Kumar Sahoo,5,29 March 2025,nice,N/A,N/A
rahul nikam,5,29 March 2025,awesome,N/A,N/A
Sallu Bhai (Sallu),5,29 March 2025,great,N/A,N/A
Chetan Saini,5,29 March 2025,very nice and beautiful,N/A,N/A
Mahendran magi,5,29 March 2025,good,N/A,N/A
Vishal Kumar,4,29 March 2025,very nice app,N/A,N/A
Affan ahmad salman Salman,5,29 March 2025,Very useful app,N/A,N/A
Balbir Singh Rana Rana,4,29 March 2025,good app,N/A,N/A
Arnav,5,29 March 2025,GOOD VERY GOOD,N/A,N/A
Nuralam Sk,2,29 March 2025,bad,N/A,N/A
Jitendrabhai Devani,5,29 March 2025,I'm from gujrat I like this app the app says all deatils of car,N/A,N/A
Vimal 8inch,5,29 March 2025,super fast,N/A,N/A
Clinton Sharma,5,29 March 2025,very informative app,N/A,N/A
Devendar Puri,5,29 March 2025,good,N/A,N/A
Shrikant Thakur,5,29 March 2025,good service,N/A,N/A
Yash soni Yash soni,5,29 March 2025,very good ğŸ‘,N/A,N/A
Sukhi Thaleshia,4,29 March 2025,good app for car,N/A,N/A
Jagdish Chopra,5,29 March 2025,GREAT APP,N/A,N/A
thomas naorem,5,29 March 2025,nice,N/A,N/A
Dheeraj Soni,5,29 March 2025,excellent,N/A,N/A
Bira kishore Das,5,29 March 2025,excellent,N/A,N/A
ashok goturne,4,29 March 2025,nice ğŸ‘,N/A,N/A
Ajay Desai,5,29 March 2025,work full app ğŸ’ best ğŸ‘,N/A,N/A
ARULKUMARAN,5,29 March 2025,good,N/A,N/A
Kumar Mv,5,29 March 2025,good,N/A,N/A
Kalaiselvan V,5,29 March 2025,very nice and very good app ğŸ’¯â˜ºï¸â˜ºï¸â˜ºï¸â˜ºï¸â˜ºï¸,N/A,N/A
Yohan Haligi,3,29 March 2025,good,N/A,N/A
Binod Majhi,5,29 March 2025,excellent work,N/A,N/A
azad laskar,5,29 March 2025,good app,N/A,N/A
manikandan vadapurath,4,29 March 2025,good,N/A,N/A
Raja Prakash,5,29 March 2025,supar,N/A,N/A
HUSAIN KAMAL SHAIKH,5,29 March 2025,Accurate,N/A,N/A
anand singh Shahi,5,29 March 2025,excellent,N/A,N/A
Sharukh Ali,5,29 March 2025,very good appğŸ‘ğŸ‘ğŸ‘ğŸ‘ 9 am so happy ğŸ˜ŠğŸ˜ŠğŸ˜ŠğŸ˜Š,N/A,N/A
Parshottam Chauhan,5,29 March 2025,amazing ğŸ‘ŒğŸ‘Œ,N/A,N/A
Techno King,5,28 March 2025,if you are a car guy or bike guy you really love it,N/A,N/A
Rk Khan,5,28 March 2025,Nice,N/A,N/A
Kalai Kalai,5,28 March 2025,good,N/A,N/A
Adruth Halder,5,28 March 2025,good,N/A,N/A
sachin pote,5,28 March 2025,very helpful application,N/A,N/A
vasudev dhruw,5,28 March 2025,"easy to use, accurate information",N/A,N/A
sajish krishna,5,28 March 2025,good service,N/A,N/A
Mathi Kumar,5,28 March 2025,Super ğŸ‘ŒğŸ»,N/A,N/A
vaishali makh,5,28 March 2025,*Best*,N/A,N/A
Bhushan More,5,28 March 2025,good,N/A,N/A
Saifuddin Mannur,5,28 March 2025,Chaan very good Aap for local public ğŸ‘,N/A,N/A
Arjun K,5,28 March 2025,gooddddd,N/A,N/A
Hi Raghav,5,28 March 2025,usse full,N/A,N/A
Prithwish Ghosh,5,28 March 2025,accurate information,N/A,N/A
Kuldeep Singh,5,28 March 2025,very nice ğŸ‘,N/A,N/A
Radha Kumari,5,28 March 2025,ğŸ‘ğŸ½ğŸ‘ğŸ½,N/A,N/A
RABBI CHOUDHURY,4,28 March 2025,name not showing,N/A,N/A
Ayusha Priyadarshini Swain,5,28 March 2025,ok,N/A,N/A
Ajay Kumar,5,28 March 2025,exillent,N/A,N/A
The Hill studio,5,28 March 2025,good,N/A,N/A
Shreekrishan Hiranwar,3,28 March 2025,good,N/A,N/A
navanshpal pal,5,28 March 2025,very good experience and nothing all bye,N/A,N/A
sona Devi,5,28 March 2025,ğŸ‘ğŸ»,N/A,N/A
Kannalagan N,5,28 March 2025,awesome,N/A,N/A
Naveenkumar Kathirvel,5,28 March 2025,good,N/A,N/A
Pk Pangi,5,28 March 2025,perfect,N/A,N/A
Mosim Jang,4,28 March 2025,very good app,N/A,N/A
Dinesh Bote,5,28 March 2025,excellent app,N/A,N/A
Devansh,5,28 March 2025,Nice,N/A,N/A
girish patil,5,28 March 2025,great,N/A,N/A
Pankaj Zala,5,28 March 2025,good,N/A,N/A
Devaraj Deva,4,28 March 2025,nice,N/A,N/A
Ruma Nandi,5,28 March 2025,good,N/A,N/A
Madan Gautam,5,28 March 2025,best app,N/A,N/A
Vijaya Kumar,5,28 March 2025,good ğŸ‘ğŸ˜Š,N/A,N/A
Bhaskar jyoti Das,5,28 March 2025,wow,N/A,N/A
Sweety Kumari,5,28 March 2025,very nice app and use ful app,N/A,N/A
Santhosh Deepalakshmi,3,28 March 2025,nice,N/A,N/A
PANKAJ TIWARI,5,28 March 2025,Perfect app with best information,N/A,N/A
Ragib ahsan Khan,5,28 March 2025,so beautiful,N/A,N/A
Bappa Ghosh,5,28 March 2025,Good.,N/A,N/A
Rakesh Deshmukh,5,28 March 2025,good,N/A,N/A
Alok Mk,5,28 March 2025,good,N/A,N/A
sujit Barman,5,28 March 2025,good,N/A,N/A
Manoj Kumar,5,28 March 2025,good,N/A,N/A
Cartoon Network Tv,5,28 March 2025,good ğŸ‘,N/A,N/A
Kailash Meena,5,28 March 2025,good,N/A,N/A
Annu Karate,5,28 March 2025,ğŸ‘â¤ï¸,N/A,N/A
Nishant Rajput,5,28 March 2025,great experience,N/A,N/A
Muthamil Mudhalvan,5,28 March 2025,good experience,N/A,N/A
Kushwaha Ravi,5,28 March 2025,Nice ğŸ‘ğŸ‘ğŸ‘ğŸ‘ğŸ‘,N/A,N/A
Viraj Singh,1,28 March 2025,it's nice,N/A,N/A
Mohd Abuzar,5,28 March 2025,Thank you for car owner information,N/A,N/A
Santanu muhuri,5,28 March 2025,very good,N/A,N/A
Mark Lurshay,5,28 March 2025,great,N/A,N/A
Ishant Patil,5,28 March 2025,it was very useful,N/A,N/A
Mukesh Srivastava,5,28 March 2025,good,N/A,N/A
kamal chetri,4,28 March 2025,wow super nice app,N/A,N/A
Gautam Jangra,5,28 March 2025,good,N/A,N/A
Ibru Ibru,4,28 March 2025,good,N/A,N/A
Suman Nama,4,28 March 2025,good app,N/A,N/A
Tanuj Saha,5,28 March 2025,ğŸ‘ğŸ‘ğŸ‘,N/A,N/A
Shriraj Gaikwad,4,28 March 2025,good,N/A,N/A
Thakur Yuvraj Singh,5,28 March 2025,nice app,N/A,N/A
Md Salim,5,28 March 2025,very good,N/A,N/A
jay bhatia,5,28 March 2025,good service,N/A,N/A
Manu Manu,5,28 March 2025,nice,N/A,N/A
KING GAMING,4,28 March 2025,Wonderful App for Car info,N/A,N/A
RAVINDER BRAR,5,28 March 2025,ok,N/A,N/A
nitu singh chundawat,5,27 March 2025,good,N/A,N/A
Md Farid,5,27 March 2025,nice app,N/A,N/A
KANNAN RAJENDRAN,5,27 March 2025,okay,N/A,N/A
Kirha Legacy,4,27 March 2025,good,N/A,N/A
PUJIT BHOLA,5,27 March 2025,good app for car search,N/A,N/A
OM PRAKASH GUPTA,5,27 March 2025,Great app,N/A,N/A
muni kumar,5,27 March 2025,good experience,N/A,N/A
vinod kumar,5,27 March 2025,excellent Service,N/A,N/A
Paras rupesh pawaskar Pawaskar,4,27 March 2025,Great ğŸ‘,N/A,N/A
Anjal . Cz,5,27 March 2025,very useful,N/A,N/A
Abhishek shivaay Mehra,5,27 March 2025,ok,N/A,N/A
Aditya Saha,4,27 March 2025,good,N/A,N/A
Vikas Madaan,5,27 March 2025,Great,N/A,N/A
Beipalaikhei,1,27 March 2025,Good,N/A,N/A
Gagan Deep,5,27 March 2025,wow,N/A,N/A
mails only,5,27 March 2025,good app,N/A,N/A
BIKI SWARGIARY,5,27 March 2025,good,N/A,N/A
à¤†à¤ªà¤²à¤‚ à¤¬à¥‡à¤³à¤—à¤¾à¤µ (Aapal Belgav),3,27 March 2025,good ğŸ‘,N/A,N/A
Ganesh Malavath,5,27 March 2025,Good app we can check vecial information,N/A,N/A
Irfan Shaikh,5,27 March 2025,awesome,N/A,N/A
ICON PETRO,5,27 March 2025,this is a good app very use full app,N/A,N/A
hoshiyar singh,5,27 March 2025,very good aap for checking details of our bike and car by a single point of access,N/A,N/A
AKHIL KING,5,27 March 2025,good,N/A,N/A
sumit kumar,5,27 March 2025,good,N/A,N/A
Narendra Johind,5,27 March 2025,nice ğŸ‘,N/A,N/A
Nizam Uddin,5,27 March 2025,Nice app,N/A,N/A
Rajesh R,5,27 March 2025,good app,N/A,N/A
lakhan parihar,4,27 March 2025,good ğŸ‘,N/A,N/A
Arpan Halder,4,27 March 2025,ok,N/A,N/A
Bhushan badgujar,5,27 March 2025,best,N/A,N/A
Banwari Pareek,5,27 March 2025,it's very useful application ğŸ˜ƒ,N/A,N/A
ZAYAN ZAYAN,5,27 March 2025,good,N/A,N/A
Sathik Candy,5,27 March 2025,super,N/A,N/A
Sreejith,5,27 March 2025,ğŸ‘ŒğŸ‘,N/A,N/A
Hashir Muhammed,5,27 March 2025,good,N/A,N/A
Kiruthu Aarav,5,27 March 2025,excellent app...,N/A,N/A
Ravi Kumar,5,27 March 2025,good app,N/A,N/A
Nafikul Sk,5,27 March 2025,good,N/A,N/A
Jigar Parmar,5,27 March 2025,very good apk,N/A,N/A
rahul jaryal,4,27 March 2025,good,N/A,N/A
Radhey Gupta,5,27 March 2025,osmâ¤ï¸,N/A,N/A
Sagar Barua,5,27 March 2025,good ğŸ‘,N/A,N/A
Fiona Dias,5,27 March 2025,",,ğŸ‘",N/A,N/A
Arshid Ashraf,4,27 March 2025,Good service,N/A,N/A
SANDEEP CHAUHAN,5,27 March 2025,good job,N/A,N/A
Nadipilli Suribabu,5,27 March 2025,Super,N/A,N/A
krishankant keshri,5,27 March 2025,very nice,N/A,N/A
Pawan Wadkar,5,27 March 2025,Excellent & Accurate information ğŸ‘ğŸ»ğŸ‘ğŸ»,N/A,N/A
Dharma Durai,5,27 March 2025,very fine,N/A,N/A
MEHUL MM MEHUL,5,27 March 2025,nice,N/A,N/A
RF,5,27 March 2025,best experience,N/A,N/A
Rinku Talukdar,5,27 March 2025,excellent,N/A,N/A
Jay Soni,5,27 March 2025,awesome,N/A,N/A
Ganesh panchal,4,27 March 2025,superb App,N/A,N/A
Geeta Kumari,5,27 March 2025,outstanding,N/A,N/A
Ajaykishan Sandey,5,27 March 2025,great,N/A,N/A
Srijoy,5,27 March 2025,wonderful application,N/A,N/A
Md Soyab Siddiqui,5,27 March 2025,very good ğŸ‘,N/A,N/A
Devendra Yadav,5,27 March 2025,nice,N/A,N/A
Ppp Panda 556,5,27 March 2025,very good app,N/A,N/A
Nilima Panda,1,27 March 2025,good,N/A,N/A
Aditya Singhaniya,5,27 March 2025,very good sistam but very bad aid,N/A,N/A
DEEPAK,5,27 March 2025,Excellent app,N/A,N/A
Vengatesh Raja,5,27 March 2025,super and fast,N/A,N/A
mehak ansari,5,27 March 2025,ex I lent,N/A,N/A
Ritikk Kashyap,5,27 March 2025,good,N/A,N/A
Harsh Verma,5,27 March 2025,ğŸ‘,N/A,N/A
Sujon Naskar,5,27 March 2025,Helpful,N/A,N/A
Rajeev Kumar,5,27 March 2025,good,N/A,N/A
Falguni Maske,1,27 March 2025,ok,N/A,N/A
rizwan khan,5,27 March 2025,good,N/A,N/A
Aboobacker Ahammad,4,26 March 2025,good,N/A,N/A
Mohd Salman Raza,5,26 March 2025,good,N/A,N/A
Kumar Kumar,5,26 March 2025,ğŸ‘,N/A,N/A
Prince Kumar,5,26 March 2025,love,N/A,N/A
AHIR RIYAN,5,26 March 2025,Nice,N/A,N/A
Dev Nandan,3,26 March 2025,good,N/A,N/A
Nagaraj M,5,26 March 2025,superb,N/A,N/A
K Service,1,26 March 2025,is app Se kabhi chalan pay mat karna App fraud hai chalan pay kar diya lekin abhi payment ka option a raha hai 1 mahine Ho Gaya nahi Paisa refund aaya,N/A,N/A
Antony Kuriakose,5,26 March 2025,ğŸ‘ŒğŸ»,N/A,N/A
Shyam Bhatt,5,26 March 2025,good app,N/A,N/A
Safraz Safr,4,26 March 2025,just ok,N/A,N/A
Asim kr mandal,5,26 March 2025,nice app,N/A,N/A
tushar khandekar,5,26 March 2025,very helpful,N/A,N/A
Samir Doshi,5,26 March 2025,good app,N/A,N/A
alok kumar,5,26 March 2025,good,N/A,N/A
Anil Shinde,5,26 March 2025,application is good for Phone application vehicle details two hiral details good luck,N/A,N/A
Balaji Ranganathan,4,26 March 2025,Good to know the vehicle challan information,N/A,N/A
Sudesh Yadav,5,26 March 2025,good,N/A,N/A
Vasu Chaurasiya,5,26 March 2025,nice,N/A,N/A
Renu Sinha,5,26 March 2025,good app,N/A,N/A
SAIKH MD ROSE,5,26 March 2025,Notbad,N/A,N/A
Raajveer chawla,5,26 March 2025,A very good app and also helps very much,N/A,N/A
MUHAMMED MUSTHAFA,5,26 March 2025,very useful app,N/A,N/A
vinu .T,3,26 March 2025,Remove adds plz,N/A,N/A
Sonu Satyam,5,26 March 2025,good ğŸ‘,N/A,N/A
mr jarhia,3,26 March 2025,avrage,N/A,N/A
sandeep Gupta,5,26 March 2025,great,N/A,N/A
Gowda 2004,5,26 March 2025,Nice,N/A,N/A
Baba Tillu,4,26 March 2025,goodğŸ‘,N/A,N/A
Manohar Gagrani,5,26 March 2025,very good app and true details,N/A,N/A
Balraj Verma,5,26 March 2025,Very good and user friendly app.,N/A,N/A
taurej ahmad,4,26 March 2025,good,N/A,N/A
Sanal Viswanathan,5,26 March 2025,This app is very useful and user friendly,N/A,N/A
Rajkumar Sharma,5,26 March 2025,good,N/A,N/A
Mummy Ji,5,26 March 2025,best aap,N/A,N/A
Dipak Sahu,5,26 March 2025,very good,N/A,N/A
Praveen Kushalnagar,5,26 March 2025,fantastic,N/A,N/A
Soham Desai,5,26 March 2025,Good,N/A,N/A
Anoop Chaudhary,4,26 March 2025,good,N/A,N/A
Rohit Ramawat,5,26 March 2025,superb,N/A,N/A
Dharmveer Yadav,5,26 March 2025,good,N/A,N/A
Raghuveer Kumar,5,26 March 2025,ğŸ‘ğŸ‘,N/A,N/A
remith m,5,26 March 2025,sooopr,N/A,N/A
Shadab Sheikh,5,26 March 2025,it's very good app,N/A,N/A
Rida Choudhury,5,26 March 2025,good,N/A,N/A
Venkatesh Venkat,5,26 March 2025,à®‰à®™à¯à®•à®³à¯à®Ÿà¯ˆà®¯ à®†à®ªà¯ à®šà®¿à®±à®¨à¯à®¤ à®®à¯à®±à¯ˆà®¯à®¿à®²à¯ à®‡à®°à¯à®•à¯à®•à®¿à®±à®¤à¯ à®¨à®©à¯à®±à®¿,N/A,N/A
sInGh Singh,5,26 March 2025,excellent,N/A,N/A
nitesh yadav,4,26 March 2025,very useful app,N/A,N/A
Pindi Rai,5,26 March 2025,best for cars detail,N/A,N/A
Ajay Bansode,5,26 March 2025,good,N/A,N/A
Ejaz Ansari,5,26 March 2025,Very Accurate,N/A,N/A
Tamil Siva,5,26 March 2025,it's good to know all details about the vehicle and also owner ...really ğŸ™‚,N/A,N/A
Waseeq Ahmad,2,26 March 2025,ğŸ˜„,N/A,N/A
Sachin Kulal,5,26 March 2025,awesome,N/A,N/A
davud lenin,5,26 March 2025,ğŸ‘,N/A,N/A
Chinnu Don,5,26 March 2025,this is superb this is so nice,N/A,N/A
Misbah Alam,5,26 March 2025,gajab,N/A,N/A
ABDUL RAHMAN,5,26 March 2025,best aap,N/A,N/A
PULUSU HARI KRISHNA,5,26 March 2025,good ğŸ’¯,N/A,N/A
Karthi Keyan,3,26 March 2025,ok,N/A,N/A
Ishtiyaq Khan,5,26 March 2025,very good,N/A,N/A
kumar kiruthika,5,26 March 2025,accurate details,N/A,N/A
Ravindra Yadav,5,26 March 2025,very good,N/A,N/A
Virendra Kumar,5,26 March 2025,nice,N/A,N/A
Durga Mishra,5,26 March 2025,good,N/A,N/A
Ranjith sathya,5,26 March 2025,good to use,N/A,N/A
Roshan Sharma,5,26 March 2025,good sarvice,N/A,N/A
AJAY YADAV,5,26 March 2025,good,N/A,N/A
Ankush Chaudhary,5,26 March 2025,nice,N/A,N/A
Avinash Singh,5,26 March 2025,Good app for vehcile info,N/A,N/A
Hussain Khan,5,26 March 2025,Good,N/A,N/A
Santosh Chintakuntalawar,5,26 March 2025,best,N/A,N/A
Subrata Kumar Bala,5,26 March 2025,very good,N/A,N/A
VISHNU RAJ R,5,26 March 2025,gud,N/A,N/A
Prabin Sunani,5,26 March 2025,nice ğŸ‘,N/A,N/A
alok gaming,5,26 March 2025,good,N/A,N/A
Mohd Hussain,5,26 March 2025,nice information,N/A,N/A
Manoj Kumar,5,26 March 2025,it's too good,N/A,N/A
Ponob __parui,4,26 March 2025,this helpful and easy search all vehicle,N/A,N/A
Harikrishnan,5,26 March 2025,Good,N/A,N/A
ABHISHEK KUMAR,5,26 March 2025,easy to use and app quick run,N/A,N/A
Aamir KHAN,5,26 March 2025,very very good aap,N/A,N/A
Bikash Kumar Sahoo,5,26 March 2025,good Service,N/A,N/A
Akshay Vishnu,5,26 March 2025,good app,N/A,N/A
Bharat Sarikhada,5,26 March 2025,jordar application,N/A,N/A
Gurvansh Singh,5,26 March 2025,good,N/A,N/A
Praveen A,5,26 March 2025,"really nice ğŸ‘ app because it's use to info about another vechile and notify exprering insurance,and Fc",N/A,N/A
Thirupathi TJMK,5,26 March 2025,awesome app,N/A,N/A
Sonu k gautam,5,26 March 2025,very nice app,N/A,N/A
Abhishek Sharma,5,26 March 2025,nice and authentic app...,N/A,N/A
Jishnu Sajeev,5,26 March 2025,Accurate data,N/A,N/A
Abhidev M D,4,26 March 2025,good app,N/A,N/A
Danish Don,5,26 March 2025,good aap,N/A,N/A
Suhail Khan,5,25 March 2025,super,N/A,N/A
Da Ruhid,5,25 March 2025,goodğŸ‘ğŸ‘,N/A,N/A
IMAMUL MIDDE,5,25 March 2025,help full,N/A,N/A
Shubham Nair,5,25 March 2025,good,N/A,N/A
Srutik Behera,5,25 March 2025,it's always helpful,N/A,N/A
Hariom Dubey,5,25 March 2025,ğŸ‘,N/A,N/A
Adil Majgankar,5,25 March 2025,very good app,N/A,N/A
Cajetan D'souza,5,25 March 2025,excellent,N/A,N/A
Sreejin sree,5,25 March 2025,good,N/A,N/A
PRABHU Prabhu,5,25 March 2025,super app,N/A,N/A
Swapnil Bhavarthe,5,25 March 2025,very good app,N/A,N/A
Muhammed Fazal,5,25 March 2025,good app,N/A,N/A
Archana Yadav,5,25 March 2025,it is very nice ğŸ‘,N/A,N/A
Umesh Kumar,5,25 March 2025,very nice,N/A,N/A
Puneet Kushwah,5,25 March 2025,bahut badhiya app hai bhai,N/A,N/A
Gugu Dash,5,25 March 2025,Good,N/A,N/A
Tejas Pawar,5,25 March 2025,best qpp,N/A,N/A
Rajib Santra,5,25 March 2025,OK,N/A,N/A
Manikandan manikandan,5,25 March 2025,super,N/A,N/A
Thranling Sohshang,5,25 March 2025,so good for use,N/A,N/A
Ullas S,5,25 March 2025,good App,N/A,N/A
Atul Marothiya,4,25 March 2025,Must recommend,N/A,N/A
Muhammed Suhail ck,4,25 March 2025,good,N/A,N/A
nasim waris,4,25 March 2025,Very bad app,N/A,N/A
Chanchal Bhowmik,4,25 March 2025,good ğŸ‘,N/A,N/A
Rajat Mansoori,5,25 March 2025,achha,N/A,N/A
Ankit Sahu,5,25 March 2025,good,N/A,N/A
GUN BOY 120 GAMING,5,25 March 2025,very nice,N/A,N/A
Akarsh Shivhare,5,25 March 2025,ğŸ”¥ğŸ”¥,N/A,N/A
Rustam Lama,4,25 March 2025,nice aap,N/A,N/A
Sri Ganesh Sivasubramanian.S,5,25 March 2025,nice,N/A,N/A
Ankit Bhai,5,25 March 2025,good,N/A,N/A
Anowar Hussain,3,25 March 2025,very helpful appğŸ‘,N/A,N/A
Mubarakali Ameerbatcha,5,25 March 2025,good,N/A,N/A
Sonu Alam,5,25 March 2025,super,N/A,N/A
Gnana moorthy,1,25 March 2025,"advertisement make lagging, worst experience ever",N/A,N/A
Mukul Sharma,5,25 March 2025,good experience ğŸ™‚,N/A,N/A
dinesh choudhary,5,25 March 2025,nice,N/A,N/A
Sudesh Kumar Dahiya,5,25 March 2025,good,N/A,N/A
RAMNIWAS Meena,4,25 March 2025,good,N/A,N/A
Rohit Mahajan,5,25 March 2025,good,N/A,N/A
Kasi Rajan,4,25 March 2025,good,N/A,N/A
SAGAR KUMAR,4,25 March 2025,fabulous app,N/A,N/A
Kumaresh Puthiyavan,5,25 March 2025,very good very useful I like it thank you,N/A,N/A
VIKAS AGRAHARI,4,25 March 2025,nice view,N/A,N/A
Aman Chauhan,5,25 March 2025,EXCELLENT,N/A,N/A
Pradip Mondal,5,25 March 2025,Very useful and informative in car related matter. It gives full information about your vechile by putting the number plate into the vechile search,N/A,N/A
Imran Khan,5,25 March 2025,ğŸ‘Œ,N/A,N/A
Prithviraj Shinde,5,25 March 2025,nice app,N/A,N/A
Nawaz Kadri,1,25 March 2025,Ok,N/A,N/A
Sandesh Kundar,3,25 March 2025,3g duniya ğŸ˜ƒ,N/A,N/A
Ritik yadav Ritik yadav,3,25 March 2025,good,N/A,N/A
Chitta Barman,5,25 March 2025,very good app,N/A,N/A
Subham Khandelwal,5,25 March 2025,nice,N/A,N/A
Abdul Aris,4,25 March 2025,peace full âœ¨ï¸,N/A,N/A
Vijay Gowda,3,25 March 2025,very good,N/A,N/A
"Gangaraju,s Raju",3,25 March 2025,it's super and helpful,N/A,N/A
ADITYA VISHWAKARMA,5,25 March 2025,nice,N/A,N/A
Mr. Pankaj Kumar Jha,5,25 March 2025,Great exp,N/A,N/A
Dhinakaran Anguraju,5,25 March 2025,Easy and informative app. Accurate information..,N/A,N/A
Fareed Khan,5,25 March 2025,nice app,N/A,N/A
S.m.mathi 8596,5,25 March 2025,good,N/A,N/A
Kishor Jondhale,5,25 March 2025,very good app.,N/A,N/A
VIVEK FF,5,25 March 2025,nice,N/A,N/A
Shailesh Yadav,5,25 March 2025,good nice,N/A,N/A
Geetanjali Bandre,5,25 March 2025,GIVES 3 TIME PERFECT DETAILS,N/A,N/A
ravindar kumar,5,25 March 2025,very good app for vehicle information,N/A,N/A
Reju Reju,5,25 March 2025,good,N/A,N/A
Gamer,4,25 March 2025,itz very nice,N/A,N/A
mann arts,5,25 March 2025,nice aap,N/A,N/A
Rahul Miah,4,25 March 2025,good,N/A,N/A
Bhumi tamgadge,5,25 March 2025,helpful for all of us,N/A,N/A
Goubu,5,25 March 2025,good,N/A,N/A
Amrit Gill,5,25 March 2025,good,N/A,N/A
Baljinder singh Sarai,3,25 March 2025,best app,N/A,N/A
Siddhesh Sarde,5,25 March 2025,ğŸ‘,N/A,N/A
Prem Kumar488,5,25 March 2025,excellent,N/A,N/A
thamu varadharajan,5,25 March 2025,good,N/A,N/A
Mhd Sadhil,5,25 March 2025,good ğŸ’¯ğŸ‘,N/A,N/A
Mack D,5,25 March 2025,easy and best app till date,N/A,N/A
Imran sherif,5,25 March 2025,Good and nice great app,N/A,N/A
Mo. Zaid Khan,5,25 March 2025,good application for finding any vehicle information ğŸ‘ğŸ»,N/A,N/A
Rahul Chetri,5,25 March 2025,very nice,N/A,N/A
Altaf Wani,5,25 March 2025,nice,N/A,N/A
Imran Shamsi,5,25 March 2025,user friendly app,N/A,N/A
padma naban,5,24 March 2025,ok,N/A,N/A
Nitin Bhoriya,5,24 March 2025,good,N/A,N/A
arsh singh,5,24 March 2025,help to catch fake influencers ğŸ˜‰,N/A,N/A
Lalmohmad Gori,5,24 March 2025,super service this app,N/A,N/A
Sajid Ansari,5,24 March 2025,super,N/A,N/A
Local Rider Kerala,5,24 March 2025,"Free, Easy & Best",N/A,N/A
Guriqbal Singh,5,24 March 2025,good luck,N/A,N/A
Sachin Wanjare,3,24 March 2025,good,N/A,N/A
Yogesh Baviskar,5,24 March 2025,very good ğŸ‘,N/A,N/A
Samadhan aldar,4,24 March 2025,masth app,N/A,N/A
Amitkumar Mishra,4,24 March 2025,nice,N/A,N/A
Mohamed Rajith,5,24 March 2025,good,N/A,N/A
Joti Patiala 6721,5,24 March 2025,osmm,N/A,N/A
ÑÏƒĞ²Î¹Î·,4,24 March 2025,good,N/A,N/A
Suthirtha Biswas,5,24 March 2025,good,N/A,N/A
vijay sharma,5,24 March 2025,tell in brief very helpful,N/A,N/A
VELMURUGAN Murugan,4,24 March 2025,app ok,N/A,N/A
PRADEEP T S,4,24 March 2025,Nice app.,N/A,N/A
Joe Siva,5,24 March 2025,nice,N/A,N/A
King Kurban,5,24 March 2025,nice,N/A,N/A
Vishal Rajbhar,5,24 March 2025,good information,N/A,N/A
Mallika R Nairy,4,24 March 2025,"app is good, but owner name is not full. Sometimes I find difficult in guessing the name.",N/A,N/A
sanju kumar Bhardwaj,5,24 March 2025,good,N/A,N/A
sridhar gowda,5,24 March 2025,Good,N/A,N/A
Aditya Singh,5,24 March 2025,mast,N/A,N/A
gurucharan mahanta,5,24 March 2025,Good application,N/A,N/A
Ajay Desai,5,24 March 2025,superb,N/A,N/A
Bappy roy,5,24 March 2025,good app,N/A,N/A
Bunty Mahadik,5,24 March 2025,wow,N/A,N/A
Suraj Jha,5,24 March 2025,best of india,N/A,N/A
Shamla shajahan,5,24 March 2025,ğŸ¥°ğŸ¥°ğŸ¥°,N/A,N/A
Harini,5,24 March 2025,good,N/A,N/A
Alom Gharami,5,24 March 2025,very good,N/A,N/A
Gursewak Singh,5,24 March 2025,very good app ğŸ‘Œ,N/A,N/A
VINOD GARG,5,24 March 2025,good,N/A,N/A
Mdhinesh Mdhinesh,5,24 March 2025,good,N/A,N/A
Jyoti Alam,4,24 March 2025,Everything is good i love this app vary help full,N/A,N/A
Om Prakash,5,24 March 2025,Badiya hai ğŸ‘ğŸ‘ğŸ‘ğŸ‘ğŸ˜ŠğŸ˜ŠğŸ˜Š,N/A,N/A
Prasanth Ratnala,5,24 March 2025,nice,N/A,N/A
Ajith Aj,4,24 March 2025,good,N/A,N/A
suresh vaghela,5,24 March 2025,super,N/A,N/A
Mofijul Hoque,5,24 March 2025,GOOD EXPERIENCE,N/A,N/A
Laila Jabbar,5,24 March 2025,nice,N/A,N/A
deepak kumar,5,24 March 2025,best,N/A,N/A
Vinit Kumar,4,24 March 2025,very good aap,N/A,N/A
EVIL Devil gang,5,24 March 2025,really it works,N/A,N/A
AS Photography,5,24 March 2025,accurate app,N/A,N/A
Imroj Khan,4,24 March 2025,very good ğŸ‘ğŸ»,N/A,N/A
Babubhai â€œBLâ€ Patel,5,24 March 2025,ğŸ‘,N/A,N/A
Satish Kumar,5,24 March 2025,"nice.. but I renew my car insurance on 19.03.2025, but still not updated in your system",N/A,N/A
Abhishek Kumar gupta,5,24 March 2025,excellent,N/A,N/A
Shaurya Sinha,5,24 March 2025,good app for vehicle information,N/A,N/A
Aomeren Imchen,4,24 March 2025,good app,N/A,N/A
Vansh Nimesh,1,24 March 2025,super app,N/A,N/A
manish ranjan,5,24 March 2025,good,N/A,N/A
Selva kumar.s,5,24 March 2025,best app in the traffic guide,N/A,N/A
Bant Singh Sohi,5,24 March 2025,good,N/A,N/A
Vikas Soni,5,24 March 2025,good,N/A,N/A
Arbind Anand,4,24 March 2025,very good,N/A,N/A
Nizam Shaikh,5,24 March 2025,gud service,N/A,N/A
Mahes Waran,5,24 March 2025,good,N/A,N/A
prasad yadav,4,24 March 2025,good,N/A,N/A
laxman singh,5,24 March 2025,very good app helpfull,N/A,N/A
Raji Mahesh,5,24 March 2025,absolutely uesful,N/A,N/A
Mahakal Suresh,5,24 March 2025,nice,N/A,N/A
SHIVAM,5,24 March 2025,very good for car info,N/A,N/A
Gaurav Solanki,5,24 March 2025,good app for car detail,N/A,N/A
Munish Kumar kohli,5,24 March 2025,good,N/A,N/A
Tarun Jam,4,24 March 2025,nice,N/A,N/A
Mani Mani,5,24 March 2025,very use,N/A,N/A
Liakat Ali mir,5,24 March 2025,satisfactory,N/A,N/A
Jeba michaelRaj,5,24 March 2025,good,N/A,N/A
JAVAID AHMAD GANIE,5,24 March 2025,Well,N/A,N/A
Anil Kumar Malik,5,24 March 2025,good,N/A,N/A
Kaifu Zone,5,23 March 2025,Nice,N/A,N/A
Chanchal Nirala,5,23 March 2025,good,N/A,N/A
ALLFIN JOY v,4,23 March 2025,very good app,N/A,N/A
Kamal Sharma,4,23 March 2025,good,N/A,N/A
Tharun Raj Prakash,5,23 March 2025,gives enough details to know about the car,N/A,N/A
Narayan,4,23 March 2025,good ğŸ‘,N/A,N/A
Shanoo Ali,5,23 March 2025,very good app,N/A,N/A
Jiya Lall,5,23 March 2025,ok,N/A,N/A
ALEN B THOMAS,5,23 March 2025,good,N/A,N/A
Sahil Mandya,5,23 March 2025,nice aap,N/A,N/A
Deepak Kumar,3,23 March 2025,good,N/A,N/A
Prashant Vaghela,5,23 March 2025,best aap,N/A,N/A
Upendra Singhaniya,5,23 March 2025,à¤¬à¥à¤¿à¤¯à¤¾ ğŸ‘ğŸ‘ğŸ‘ğŸ‘ğŸ‘,N/A,N/A
Ananta Chavan,3,23 March 2025,good,N/A,N/A
Bharath Sumathi,5,23 March 2025,ğŸ™‚,N/A,N/A
Sunil Gaikar,5,23 March 2025,very nice app,N/A,N/A
property dealing with ranjit,5,23 March 2025,good app and fast working,N/A,N/A
Prince Kumar,5,23 March 2025,best aap,N/A,N/A
Asif Khan,5,23 March 2025,mast,N/A,N/A
VIJAYAKUMAR R SAKTHIVINAYAGA ROLL FUSING,5,23 March 2025,super ğŸ‘,N/A,N/A
Apanjan rokomari Store,5,23 March 2025,good,N/A,N/A
KISHOR KUMAR,5,23 March 2025,osm,N/A,N/A
arif mansuri,5,23 March 2025,amazing and precise detail,N/A,N/A
BHARAT AHUJA,5,23 March 2025,very nice,N/A,N/A
Vishnu Gupta,5,23 March 2025,very good ğŸ‘ğŸ‘ğŸ˜ŠğŸ˜Š,N/A,N/A
Ashish Agarwal,4,23 March 2025,"Good one, loving the info as I checked for my car",N/A,N/A
Toffan Bishoyi,5,23 March 2025,good,N/A,N/A
Debnandan Jana,5,23 March 2025,good,N/A,N/A
Kodandapani Damodaran,5,23 March 2025,good,N/A,N/A
ADITYA BHARDWAJ,5,23 March 2025,good ğŸ‘,N/A,N/A
Rama Kotesh,5,23 March 2025,awesome app,N/A,N/A
Ajayraj ghayal patil,3,23 March 2025,nice,N/A,N/A
Nasreen Zakhir,5,23 March 2025,goodğŸ‘,N/A,N/A
Syed Idratul Islam,5,23 March 2025,very useful app,N/A,N/A
tej pratap yadav,5,23 March 2025,good,N/A,N/A
Pankaj Sha,5,23 March 2025,good,N/A,N/A
Uday Jain,5,23 March 2025,very good,N/A,N/A
kshriraman209,5,23 March 2025,excellent ğŸ‘,N/A,N/A
shubham Darbaar,5,23 March 2025,osm,N/A,N/A
Ambrish Pandey,5,23 March 2025,good,N/A,N/A
mansab ali,4,23 March 2025,good,N/A,N/A
Rinku Baghel,5,23 March 2025,good app,N/A,N/A
Ishwar Prshad,5,23 March 2025,supup aap,N/A,N/A
vijay kumar vijay kumar,5,23 March 2025,bahut badhiya hai bhai Naam gadi ka location yah sab Bata leta hai,N/A,N/A
Yakoob Bagawan,5,23 March 2025,obsolete,N/A,N/A
Mohammed Furkhanuddin,5,23 March 2025,good,N/A,N/A
Dada Peer,5,23 March 2025,excellent,N/A,N/A
MR. NAYAK,5,23 March 2025,good,N/A,N/A
Balwant Srivastsva,5,23 March 2025,very good,N/A,N/A
MANDEEP SINGH,4,23 March 2025,good,N/A,N/A
Rupa Sarma,5,23 March 2025,good,N/A,N/A
Nikhil Khatri,5,23 March 2025,This app is just a blessing for vehicle owners whether existing or going to be.... just a suggestion to strong your challan database,N/A,N/A
Subhas Mahato,5,23 March 2025,very nice,N/A,N/A
Sidharth S,5,23 March 2025,tells exact and correct information about my vehicle,N/A,N/A
Ankit Gupta,5,23 March 2025,ok,N/A,N/A
siddhartha sarkar,5,23 March 2025,good experience,N/A,N/A
Jagannath Mahali,4,23 March 2025,good app,N/A,N/A
Nandisha Nandu,5,23 March 2025,super app,N/A,N/A
VC Hari Haran,4,23 March 2025,good,N/A,N/A
PVenkataApparao NGP,5,23 March 2025,super,N/A,N/A
Md danish Rayeen,5,23 March 2025,good,N/A,N/A
Kureshi Basir,4,23 March 2025,bro you,N/A,N/A
George PC,5,23 March 2025,bes app,N/A,N/A
Bala Murugan,4,23 March 2025,supper,N/A,N/A
Jogendra Gurjar,5,23 March 2025,all history right,N/A,N/A
Mohammad Ali,4,23 March 2025,super,N/A,N/A
Nowfal Naser,4,23 March 2025,"this application is very use full, iam so Happy",N/A,N/A
Aarif Khan,5,22 March 2025,best application,N/A,N/A
Akshat Gupta,5,22 March 2025,â¤ï¸,N/A,N/A
Suraj Modanwal,5,22 March 2025,nice,N/A,N/A
tins antony,5,22 March 2025,good,N/A,N/A
NaNDHu,5,22 March 2025,5 Star,N/A,N/A
NABAJIT PAUL,1,22 March 2025,bakwas,N/A,N/A
Ravi Chaudhary,5,22 March 2025,nice,N/A,N/A
à¤†à¤¨à¤¨à¥à¤¦ à¤•à¥à¤®à¤¾à¤° (à¤¯à¤¾à¤¦à¤µ),5,22 March 2025,super,N/A,N/A
VIJAY KUMAR,5,22 March 2025,best,N/A,N/A
Amit Kumar Namdev,5,22 March 2025,amazing,N/A,N/A
MIJAZ SHAIKH,5,22 March 2025,nice app,N/A,N/A
Imran Mansuri,5,22 March 2025,nice app,N/A,N/A
Sangeeta Vishwakarma,5,22 March 2025,â¤ï¸â¤ï¸,N/A,N/A
mohdjulfikar,5,22 March 2025,so virey full,N/A,N/A
Sathiyamoorthy Rajendran,5,22 March 2025,useful app,N/A,N/A
Jitendra,5,22 March 2025,good,N/A,N/A
Amirul Islam,5,22 March 2025,best app,N/A,N/A
RIDDHI PARAB,3,22 March 2025,nice,N/A,N/A
Mohammed Ali,5,22 March 2025,very good,N/A,N/A
Arshad Saifi,5,22 March 2025,good,N/A,N/A
Gokul Bhosale,5,22 March 2025,very nice,N/A,N/A
Rakesh Rocky1406,5,22 March 2025,nice,N/A,N/A
Vinodkumar Akula,5,22 March 2025,very good information available,N/A,N/A
Kuldeep Sharma,5,22 March 2025,very good app,N/A,N/A
Bashira Bano,4,22 March 2025,good app,N/A,N/A
Bharathi Bharathi,5,22 March 2025,good,N/A,N/A
Vaghela Shailesh,5,22 March 2025,good,N/A,N/A
Kishan Naik,5,22 March 2025,Tq for the information,N/A,N/A
Ritik Singh,5,22 March 2025,very good ğŸ‘,N/A,N/A
vk Royal,4,22 March 2025,good,N/A,N/A
Sushama Gopinathan,5,22 March 2025,it is too accurate vehicle info ğŸ‘ğŸ‘ğŸ’«âœ¨âœ¨,N/A,N/A
Govinda Patil,5,22 March 2025,nice app,N/A,N/A
Guru ki Sangat,5,22 March 2025,very good,N/A,N/A
Sarfaraz Bhatgunki,5,22 March 2025,nice app,N/A,N/A
Md Adil Zaki,4,22 March 2025,nice...,N/A,N/A
Raja Raja,5,22 March 2025,ğŸ‘ğŸ‘ğŸ‘,N/A,N/A
Lokesh Naik,5,22 March 2025,Good,N/A,N/A
DJ Mohit Professional,3,22 March 2025,good,N/A,N/A
Virat Javith,4,22 March 2025,good for buy information,N/A,N/A
MANI KANDAN,5,22 March 2025,good,N/A,N/A
pintu chinchalkar,5,22 March 2025,very good app,N/A,N/A
TUSHAR KUMBHARE,5,22 March 2025,excellent,N/A,N/A
Mani Mani,5,22 March 2025,good,N/A,N/A
sriraj rao,5,22 March 2025,Awesome,N/A,N/A
Delhi Raj,5,22 March 2025,good,N/A,N/A
Bishnoi magraj Dhaka,5,22 March 2025,good,N/A,N/A
Live & Work Like Superior,5,22 March 2025,good work,N/A,N/A
Gaurav Thakur,5,22 March 2025,nice,N/A,N/A
ALOK BEHERA,5,22 March 2025,good,N/A,N/A
PALVINDER SINGH,5,22 March 2025,true information,N/A,N/A
Mohd Saqib Ansari,5,22 March 2025,nice,N/A,N/A
sushil kumar,5,22 March 2025,good,N/A,N/A
Sharad Wagh,5,22 March 2025,nice app,N/A,N/A
Purab Naik,5,22 March 2025,informative,N/A,N/A
Suresh Lucky,4,22 March 2025,ok supet,N/A,N/A
Mhd Sinan,5,22 March 2025,good app,N/A,N/A
muhammed Rashid,5,22 March 2025,ğŸ‘ğŸ»,N/A,N/A
dhana m,4,22 March 2025,good,N/A,N/A
DALIP SINGH SHEKHAWAT,5,22 March 2025,good,N/A,N/A
Dattatraya Wakade,5,22 March 2025,nice,N/A,N/A
Pradeep Rane,5,22 March 2025,very good,N/A,N/A
Rahul Melody Vlog 2:0,5,22 March 2025,very good app,N/A,N/A
dhinu cl,4,22 March 2025,good,N/A,N/A
Karthik M S,5,22 March 2025,the best car info app in the world ğŸŒğŸŒğŸŒğŸŒ,N/A,N/A
Future Foji,5,22 March 2025,good app,N/A,N/A
Mukesh Dhamodaram,5,22 March 2025,very good app,N/A,N/A
Dilip Thakur,5,22 March 2025,good,N/A,N/A
Mari Magesh,5,22 March 2025,exlent,N/A,N/A
Irom Sanathoi,5,21 March 2025,very helpful app,N/A,N/A
MR Sameer,5,21 March 2025,ğŸ¤—,N/A,N/A
anantveer sandhu,5,21 March 2025,nice,N/A,N/A
Sumra Bilal,3,21 March 2025,good for app,N/A,N/A
Raghu S,5,21 March 2025,à²¯à³‚à²¸à³ à²«à³à²²à³,N/A,N/A
pankaj bahuguna,4,21 March 2025,good app,N/A,N/A
Mohamed Ibrahim,5,21 March 2025,nice,N/A,N/A
Zaver Akbari,5,21 March 2025,super nice,N/A,N/A
Anshul Sharma,5,21 March 2025,yes it is good,N/A,N/A
Mafia 444,3,21 March 2025,good,N/A,N/A
Kunal Takle,5,21 March 2025,good,N/A,N/A
Suraj Sheikh,4,21 March 2025,nice,N/A,N/A
PUBG TIPS AND TRICKS With Being Rihaan,4,21 March 2025,nice app,N/A,N/A
Sanjai,4,21 March 2025,nice app,N/A,N/A
Manoj Prajapati,5,21 March 2025,best,N/A,N/A
Jaysingh Yadav,5,21 March 2025,Nice app,N/A,N/A
Harsh Dodake,5,21 March 2025,Best,N/A,N/A
azeem patel,5,21 March 2025,good,N/A,N/A
Jha Anirban,5,21 March 2025,good,N/A,N/A
Mani Gandan,5,21 March 2025,good,N/A,N/A
Abhijeet Gaikwad,5,21 March 2025,ğŸ‘ğŸ‘,N/A,N/A
Md Rsn,5,21 March 2025,good app,N/A,N/A
Safin azad molla,4,21 March 2025,good apo,N/A,N/A
Sudip Banerjee,1,21 March 2025,very bad,N/A,N/A
Sahil Yadav,4,21 March 2025,good experience,N/A,N/A
Sumanesh Rawat,5,21 March 2025,nice,N/A,N/A
Arminder Singh,4,21 March 2025,good,N/A,N/A
prabhu swamy D A,5,21 March 2025,good app,N/A,N/A
Lomi Elzet,5,21 March 2025,"very useful, very good",N/A,N/A
Phanglang Rekhung,5,21 March 2025,Very informative,N/A,N/A
Brijesh Kumar,5,21 March 2025,very Good service ğŸ‘,N/A,N/A
Arpana Singh,5,21 March 2025,ok,N/A,N/A
Mahesh Babbar,5,21 March 2025,Fantastic app.,N/A,N/A
Seven star NS seven star NS,5,21 March 2025,good,N/A,N/A
RK Leo,5,21 March 2025,nice app No ads,N/A,N/A
Abdulnazar Nellikal,4,21 March 2025,good,N/A,N/A
Mahmudul Hasan,5,21 March 2025,"nice ğŸ‘ app, everything is perfect",N/A,N/A
Pravin Kute,5,21 March 2025,good ğŸ˜Š,N/A,N/A
Kathali elayedath,3,21 March 2025,ad is too more,N/A,N/A
Peehu Pathak,5,21 March 2025,exilent,N/A,N/A
Ajay T Ashok,5,21 March 2025,good,N/A,N/A
Chittoor Village Boys,4,21 March 2025,good,N/A,N/A
Umesh Kukyan,4,21 March 2025,good,N/A,N/A
Arjun Pandit,5,21 March 2025,very good,N/A,N/A
shazu64 shazu64,5,21 March 2025,it's good,N/A,N/A
Md Ali,5,21 March 2025,awesome aap .so easy search.very useful aap,N/A,N/A
Rahul Ghosh,5,21 March 2025,nice app ğŸ‘â˜ºï¸,N/A,N/A
Deepansu yadav Kumar,5,21 March 2025,nice,N/A,N/A
Neha,5,21 March 2025,good app,N/A,N/A
Mithun Mahanta,5,21 March 2025,good,N/A,N/A
Kanagaraj Dhanabalan,5,21 March 2025,ğŸ‘,N/A,N/A
PANAPPALAIYAM PUDUR,5,21 March 2025,good,N/A,N/A
Madan Sharma,4,21 March 2025,very good app and helfullğŸ¥°ğŸ¥°,N/A,N/A
Suraj Swain,5,21 March 2025,nice,N/A,N/A
ZAKIR HUSSAIN,5,21 March 2025,best car information app,N/A,N/A
Sonu Vyas,5,21 March 2025,good,N/A,N/A
Jaimalhar Desai,1,21 March 2025,"Car Info is a fraud Company. I have purchase a Fast tag for my Vintage Vehicle I had very pathetic/ bad / worst online purchase experience After receiving fast tag 3 days late, They did activation of tag, But when I reached toll for a long travel that fast tag didn't work. When I complainted they where they have wrongly entered my vehicle registration numbers (although they had complete documents like RC photo and vehicle photo with correct registration number) Now they aren't receiving my call",N/A,N/A
Ravi Nanda,5,21 March 2025,excellent,N/A,N/A
Gopiram S,5,21 March 2025,super app,N/A,N/A
surinder kumar,5,21 March 2025,good 450,N/A,N/A
Meman Mohsin,3,21 March 2025,serching timing issue,N/A,N/A
Rahul Sunar,5,21 March 2025,nice app,N/A,N/A
Devisingh Panwar,5,21 March 2025,Great app,N/A,N/A
Ram Singh,4,21 March 2025,good app,N/A,N/A
LOVEKUSH SAINI,5,21 March 2025,good,N/A,N/A
Sudeesh P K,5,21 March 2025,very good app,N/A,N/A
Banerjit Keithellakpam,5,21 March 2025,very useful app,N/A,N/A
ÄÃ£bbÃ¥Å™ Ä”Ä‘Ã¯Å¾,5,21 March 2025,wow,N/A,N/A
Ramnaresh Kumar (Raunak kartik),5,21 March 2025,super apps,N/A,N/A
Veerat Veeru,5,21 March 2025,excellent,N/A,N/A
Avinash Kumar Singh,5,21 March 2025,excellent,N/A,N/A
Vijay Kumar,5,21 March 2025,that's great ğŸ˜ƒğŸ‘,N/A,N/A
Naga Mani,4,21 March 2025,very useful,N/A,N/A
Ganesh Shinde,5,21 March 2025,best apo,N/A,N/A
SAROJ MAHALING,5,21 March 2025,Excellent,N/A,N/A
balaji tv,4,21 March 2025,good,N/A,N/A
Venkatesan Suga,5,21 March 2025,very good application...and useful too... thanks,N/A,N/A
Kanaiya Shah,5,21 March 2025,ğŸ¤ğŸ»ğŸ‘ğŸ»,N/A,N/A
Ayaansh,5,21 March 2025,super app,N/A,N/A
Vivek Singh Yadav,5,21 March 2025,nice appp,N/A,N/A
Pema Lhamu,4,21 March 2025,good app,N/A,N/A
Star Photography,5,21 March 2025,super app,N/A,N/A
Sagar Jha,5,21 March 2025,ğŸ‘,N/A,N/A
Devesh Singh,5,21 March 2025,good,N/A,N/A
Rahul Sharma,5,21 March 2025,Good,N/A,N/A
Vishal Topno,5,21 March 2025,perfect information for us... thank you,N/A,N/A
Ram Babu,5,21 March 2025,good,N/A,N/A
Paswinder Singh,5,21 March 2025,ğŸ‘,N/A,N/A
Sundarapandi M,4,21 March 2025,ğŸ‘,N/A,N/A
soma shankar,5,21 March 2025,good,N/A,N/A
Nabeen Soren,5,21 March 2025,very helpful,N/A,N/A
Pratibha Kharke,5,21 March 2025,This app deserve 5 star,N/A,N/A
Vishal Prajapati,5,21 March 2025,supar,N/A,N/A
raza raza,5,21 March 2025,nice app,N/A,N/A
Rudra Pratap,5,20 March 2025,nice,N/A,N/A
Samit Oraon,5,20 March 2025,nice app,N/A,N/A
Mukesh kumawat Jobner,5,20 March 2025,Good,N/A,N/A
Rajaram sudhakar,5,20 March 2025,very usefull,N/A,N/A
Manikandan A,5,20 March 2025,Good,N/A,N/A
Ankit sinha,3,20 March 2025,nice one almost accurate information,N/A,N/A
Mani kumar,5,20 March 2025,Good ğŸ˜ƒğŸ˜ƒ,N/A,N/A
SHANTHARAJU G,5,20 March 2025,good,N/A,N/A
Suresh Kumar,5,20 March 2025,Nice and truely app,N/A,N/A
Mahesh Kumar,5,20 March 2025,amazing,N/A,N/A
Vishnu Kumar,5,20 March 2025,great app,N/A,N/A
santanu sengupta,5,20 March 2025,good,N/A,N/A
Shaikh Sameer Khaisar B.E civil,5,20 March 2025,good,N/A,N/A
Fidha Fajis,5,20 March 2025,nice,N/A,N/A
Shaiksha Vali,5,20 March 2025,à°¸à±‚à°ªà°°à±,N/A,N/A
Amit Verma,5,20 March 2025,very nice and easy informative app,N/A,N/A
abdul warish warish,5,20 March 2025,good,N/A,N/A
Vedavathi b.r Vedavathi B.R,5,20 March 2025,super,N/A,N/A
sai lakshan,4,20 March 2025,this is amazeing app,N/A,N/A
Dilraj singh Dilraj singh,5,20 March 2025,ğŸ‘,N/A,N/A
Naman Singh,5,20 March 2025,very good,N/A,N/A
nirbhay Singh,5,20 March 2025,best ğŸ’¯,N/A,N/A
Dhiraj singh kshatriya,3,20 March 2025,ok,N/A,N/A
MORSELIM JAMADAR,5,20 March 2025,it's very useful,N/A,N/A
Pooja Swami,5,20 March 2025,very good,N/A,N/A
Md jawed Anwar,3,20 March 2025,very nice,N/A,N/A
sonu kumar,4,20 March 2025,good,N/A,N/A
Ravi Kumar,4,20 March 2025,nice to,N/A,N/A
Koti Babu,5,20 March 2025,good ğŸ‘ŒğŸ‘ğŸ‘ŒğŸ‘ğŸ‘ŒğŸ‘ğŸ‘Œgood good good good good good,N/A,N/A
Paras Verma,5,20 March 2025,good and fast result,N/A,N/A
Likhith,3,20 March 2025,good app but not showing Karnataka Mangalore traffic fines in this app,N/A,N/A
CHANDAN Kumar,5,20 March 2025,good,N/A,N/A
Khamar Saiyad,5,20 March 2025,goodğŸ‘ app,N/A,N/A
vignesh vic,5,20 March 2025,good,N/A,N/A
Sonu Rajput,4,20 March 2025,good,N/A,N/A
Vibhansh Prakash Pal,4,20 March 2025,sometimes need otp again and again for vehicle search others app is great ğŸ‘ğŸ» ğŸ˜ƒ,N/A,N/A
BISWAJEET SARKAR,4,20 March 2025,best app,N/A,N/A
Rohan kumarr,5,20 March 2025,nice app,N/A,N/A
Shailendra singh,3,20 March 2025,good,N/A,N/A
Maruti Khandagle,4,20 March 2025,niceğŸ‘,N/A,N/A
Sanjoy Fulia,4,20 March 2025,nice,N/A,N/A
Ğ”FS Ğ”L,5,20 March 2025,gud,N/A,N/A
Fahiz Muhammed,2,20 March 2025,"Document updation is very poor. even after renewal of insurance, it still shows expired.",N/A,N/A
Dinesh Jaysawal,5,20 March 2025,good ğŸ‘,N/A,N/A
ALUMINUM DOOR & WINDOWS SURESH,5,20 March 2025,super,N/A,N/A
Amit Kumar,5,20 March 2025,ok,N/A,N/A
Yadav Sukh,1,20 March 2025,mostly fake info. not update data,N/A,N/A
Sanjeev Kumar,5,20 March 2025,good,N/A,N/A
Mohit Rajput,4,20 March 2025,good,N/A,N/A
Aditya Karandikar,5,20 March 2025,good,N/A,N/A
Ratnesh Kumar,4,20 March 2025,good,N/A,N/A
Atharva Umathe,5,20 March 2025,Best,N/A,N/A
mosin khan Unique Gym,5,20 March 2025,good ğŸ‘,N/A,N/A
Harshu Pawshe,4,20 March 2025,beast,N/A,N/A
sallu pathan,5,20 March 2025,good,N/A,N/A
Prakash Namawad,5,20 March 2025,à¤¬à¥‡à¤¸à¥à¤Ÿ à¤…à¤à¤ª,N/A,N/A
Yuga P,5,20 March 2025,à°—à±à°¡à±,N/A,N/A
kamleshbhai prajapati,5,20 March 2025,Good app,N/A,N/A
Dharavath Roja,5,20 March 2025,Good,N/A,N/A
Koki Don,5,20 March 2025,good work,N/A,N/A
ajith kumar,5,20 March 2025,good app for all indian,N/A,N/A
Mridul Sewarik,5,20 March 2025,very good,N/A,N/A
chandra sekhar barik,5,20 March 2025,ok,N/A,N/A
Avnish Patel,5,20 March 2025,good,N/A,N/A
Veeresh Ganchigar,5,20 March 2025,this app is wonderful,N/A,N/A
ANUPRIYA SAXENA,3,20 March 2025,good,N/A,N/A
Yagdutt Sharma,4,20 March 2025,à¤¬à¤¹à¥à¤¤ à¤¹à¥€ à¤…à¤šà¥à¤›à¤¾ à¤¹à¥ˆà¥¤ à¤ªà¥‚à¤°à¥€ à¤œà¤¾à¤¨à¤•à¤¾à¤°à¥€ à¤®à¤¿à¤²à¤¤à¥€ à¤¹à¥ˆğŸ‘Œ,N/A,N/A
Jeeva Gupta,5,20 March 2025,ğŸ‘,N/A,N/A
Roushan Kumar,5,20 March 2025,really working app,N/A,N/A
Vignesh Selladurai,5,20 March 2025,thank you,N/A,N/A
Amit Sharma,5,20 March 2025,very nice app,N/A,N/A
arif khan,5,20 March 2025,excellent ğŸ‘,N/A,N/A
prakash prakash,5,20 March 2025,super app,N/A,N/A
HAMIDUR RAHMAN,5,20 March 2025,good,N/A,N/A
Mayank Kumar,5,20 March 2025,more improvement need in challan check,N/A,N/A
Lawrence,4,20 March 2025,very nice app. but improve owner name address,N/A,N/A
Santhosh Murugesan,5,20 March 2025,good,N/A,N/A
Ganesh Kumar,4,20 March 2025,working app,N/A,N/A
LUCKY DHAYAL,5,20 March 2025,good,N/A,N/A
UKM ELECRICALS & REPAIRING,5,20 March 2025,good,N/A,N/A
Jitendra Kumar,5,20 March 2025,Very good app and excellent experience,N/A,N/A
Abhishek Thakur,5,20 March 2025,ok,N/A,N/A
Pranesh Sharma,5,20 March 2025,nice app,N/A,N/A
Akash Kumar,5,20 March 2025,good,N/A,N/A
maheshkumaran m,4,20 March 2025,good information,N/A,N/A
MUHAMMED NABEEL,5,20 March 2025,helpfull appğŸ˜ğŸ¥°,N/A,N/A
Raja Ghosh Dastidar,3,20 March 2025,Need to be faster and user-friendly,N/A,N/A
Gurpreet Singh,5,20 March 2025,best app,N/A,N/A
Marthuynjay Kumawat,5,20 March 2025,better app,N/A,N/A
Jamaal Jammu,5,19 March 2025,good,N/A,N/A
Abdul Kadir,5,19 March 2025,good aap,N/A,N/A
ILARUM ALAB,5,19 March 2025,Too Helpfull,N/A,N/A
Ishrar Khan,5,19 March 2025,great app,N/A,N/A
MR JITENDERA Bhagat,5,19 March 2025,nice aap all transport sarvice all happy transport.,N/A,N/A
Shabbir Shaikh,5,19 March 2025,good,N/A,N/A
Abhishek Singh,5,19 March 2025,ok,N/A,N/A
pratik prajapati,5,19 March 2025,ok,N/A,N/A
Idrees Amin,4,19 March 2025,good,N/A,N/A
md rafi,5,19 March 2025,Good knowledge for vehicles genuine details,N/A,N/A
Anurag Singh,5,19 March 2025,good,N/A,N/A
Debasnan Jena,5,19 March 2025,good aap,N/A,N/A
kanish kumar,5,19 March 2025,good,N/A,N/A
ABHISEK SONI,5,19 March 2025,wonderful,N/A,N/A
Arun Hari,5,19 March 2025,gud,N/A,N/A
Pawan Sahu,5,19 March 2025,best app,N/A,N/A
Ajay Mad_Zi,5,19 March 2025,very helpful app,N/A,N/A
MANISH KUMAR,5,19 March 2025,good,N/A,N/A
Dilip Vishwakarma,5,19 March 2025,very good,N/A,N/A
vicky saini,5,19 March 2025,good,N/A,N/A
Prakash Sankar,5,19 March 2025,accurate car experience,N/A,N/A
Akash Suryawanshi004,5,19 March 2025,Highly recommend,N/A,N/A
Durgesh,5,19 March 2025,nice,N/A,N/A
Yash M,5,19 March 2025,good,N/A,N/A
suraj kumar singh,4,19 March 2025,good,N/A,N/A
ArMS_ 25,5,19 March 2025,user friendly and accurate information,N/A,N/A
Shreyas Halage,4,19 March 2025,Superb,N/A,N/A
Namdev Ratnale,5,19 March 2025,thank you so muchâ¤â¤â¤â¤,N/A,N/A
Dolan Karmakar,5,19 March 2025,excellent,N/A,N/A
Manoj Bhutani,5,19 March 2025,Nice ğŸ‘,N/A,N/A
Renjith R,5,19 March 2025,good for the details of vehicle,N/A,N/A
sachin pathak,5,19 March 2025,Good,N/A,N/A
Madhu Das,5,19 March 2025,good,N/A,N/A
G Shiva Prakash (SHIVA the explorer),5,19 March 2025,fetches correct data,N/A,N/A
bhausaheb kanmahale,4,19 March 2025,Good,N/A,N/A
Aleena Anu,4,19 March 2025,good,N/A,N/A
SunniHanuman Gupta,5,19 March 2025,Very usefulllll,N/A,N/A
Bhochiya Dilip,5,19 March 2025,great,N/A,N/A
Kapil Gujjar,5,19 March 2025,Good ğŸ˜Š,N/A,N/A
Avijit Roy,5,19 March 2025,nice a pp,N/A,N/A
Atul Lawat,5,19 March 2025,good,N/A,N/A
V Kumar,5,19 March 2025,Good & quick information,N/A,N/A
Akhila Kumar Dash,5,19 March 2025,Good Service,N/A,N/A
Kumar Chiku,4,19 March 2025,ok,N/A,N/A
Dhilip Kumar,5,19 March 2025,Good application,N/A,N/A
Bharat Bhise,5,19 March 2025,nice app,N/A,N/A
Anaswswara Biju,5,19 March 2025,super,N/A,N/A
Amrendra kumar Singh,5,19 March 2025,v good,N/A,N/A
Vinayak Singh,5,19 March 2025,the app is actually very accurateğŸ‘ğŸ½,N/A,N/A
Kanimuthu S,5,19 March 2025,nice,N/A,N/A
Sachin Jaiswal,5,19 March 2025,Best,N/A,N/A
Krishna Singh,5,19 March 2025,very nice,N/A,N/A
DEVKAR JALINDAR (Mr.DJ),4,19 March 2025,best useful ğŸ‘ğŸ»,N/A,N/A
Khaleel Ulla khan,5,19 March 2025,good info,N/A,N/A
Jiteshwar Anand,5,19 March 2025,good,N/A,N/A
Subhra Adhikary,5,19 March 2025,good,N/A,N/A
Sarvesh Kumar.R SUDHA TRAVEL,5,19 March 2025,good,N/A,N/A
Karan Santhosh,5,19 March 2025,GOOD ONE ğŸ‘,N/A,N/A
shrabani mazumdar,5,19 March 2025,ğŸ‘,N/A,N/A
Asif Qasid,5,19 March 2025,good,N/A,N/A
Naveen Kushwah,5,19 March 2025,good,N/A,N/A
HARPREET SINGH,1,19 March 2025,only ad ad and OTP,N/A,N/A
Saraf Ahmed,5,19 March 2025,good,N/A,N/A
Lucky Sarao,5,19 March 2025,very good ğŸ’¯,N/A,N/A
Kailash Prajapat,5,19 March 2025,it is very good application,N/A,N/A
Khan Saab,4,19 March 2025,it's really nice ğŸ‘,N/A,N/A
shakib Best of luck,5,19 March 2025,Nice,N/A,N/A
Munazah Shahnawaz,5,19 March 2025,Good,N/A,N/A
sunil rawat,5,19 March 2025,good,N/A,N/A
vikram bedia,4,19 March 2025,good,N/A,N/A
Nasim Akhtar Habibi,5,19 March 2025,best,N/A,N/A
RaM,5,19 March 2025,Good app,N/A,N/A
Pradeep Barman,5,19 March 2025,very good,N/A,N/A
Sandeep Kayat,5,19 March 2025,excelent,N/A,N/A
iype paulochan,5,19 March 2025,nice app,N/A,N/A
B.vignesh waran,5,19 March 2025,Well,N/A,N/A
Jyotinir Das,5,19 March 2025,Great experience ğŸ‘,N/A,N/A
Dhanashree Patil,1,19 March 2025,Best app,N/A,N/A
nadeem bhat,5,18 March 2025,very useful and very helpful app,N/A,N/A
Tej Parkash,5,18 March 2025,Good,N/A,N/A
Sahil Majeed,4,18 March 2025,Nice app,N/A,N/A
Jeet _ Senapati,5,18 March 2025,good,N/A,N/A
Ahsan Khan,5,18 March 2025,Good,N/A,N/A
naveenkumar prattipati,5,18 March 2025,Good,N/A,N/A
Sushil Kumar,2,18 March 2025,good,N/A,N/A
Neha zoo,4,18 March 2025,good,N/A,N/A
Pappu Rain,3,18 March 2025,Best app for transporters but one issue full name not showing ğŸ˜•,N/A,N/A
Ajay Chaudhary,5,18 March 2025,Nice,N/A,N/A
Florals channel,4,18 March 2025,Super example,N/A,N/A
hakim ansari,4,18 March 2025,Good,N/A,N/A
Pritee Ghumare,5,18 March 2025,good ğŸ‘,N/A,N/A
Gyanesh Sahu,5,18 March 2025,good,N/A,N/A
Midhun M,1,18 March 2025,Not showing exact details,N/A,N/A
Harsh Antil,5,18 March 2025,It really help.... Good app with easy interface,N/A,N/A
Kalu Nagola,5,18 March 2025,good ğŸ¥‘ğŸ¥,N/A,N/A
M. NAGARAJU,5,18 March 2025,good,N/A,N/A
whatsapp status,5,18 March 2025,good ğŸ‘,N/A,N/A
Abiram,5,18 March 2025,perfect accuracy,N/A,N/A
Sujit Barnwal,5,18 March 2025,good application,N/A,N/A
jaat Kumar,5,18 March 2025,Good,N/A,N/A
AKASH Chavan,5,18 March 2025,nice experience,N/A,N/A
Maha Raja,5,18 March 2025,Good,N/A,N/A
Shriram Chits1989,4,18 March 2025,Good app,N/A,N/A
Mehebub Khan,4,18 March 2025,Very nice,N/A,N/A
Faisal faizy1610,3,18 March 2025,"Before the app was amazing, but now it's performance is very poor... I took insurance and pollution 3 months ago. But still it's not updated here. Mparivahan have already updated within hours... My pollution is gonna expire in next month, still it's not updated ğŸ˜‚ğŸ˜‚ğŸ˜‚",N/A,N/A
GIRIRAJ SINGH,5,18 March 2025,Good experience,N/A,N/A
Muddashir Sk,5,18 March 2025,Best,N/A,N/A
Rahul,4,18 March 2025,very good app,N/A,N/A
Ishu Yadav,5,18 March 2025,Good,N/A,N/A
sunil verma,5,18 March 2025,Nice app with accurate information about vehicles..ğŸ‘,N/A,N/A
Arsan Arsan,5,18 March 2025,Excellent,N/A,N/A
Kumar Ritesh,5,18 March 2025,Okk,N/A,N/A
Ganta Ashok,5,18 March 2025,Useful to all vechile,N/A,N/A
Abhijeet Ghosh,5,18 March 2025,Very good app,N/A,N/A
Anil Kohar,5,18 March 2025,good,N/A,N/A
Ramesh Prakath,5,18 March 2025,Super,N/A,N/A
Vaisakh Sasikumar,5,18 March 2025,helpful,N/A,N/A
Jubair Shah,5,18 March 2025,awesome ğŸ‘ğŸ˜,N/A,N/A
Ashis Das,5,18 March 2025,Good,N/A,N/A
Shahbaz Malik,5,18 March 2025,top,N/A,N/A
Abdulrazak Khokhar,5,18 March 2025,Good work,N/A,N/A
Tapan Chaklanavis,5,18 March 2025,Good,N/A,N/A
Arijit Das,5,18 March 2025,Awesome,N/A,N/A
jannat mannat,5,18 March 2025,very good Apps,N/A,N/A
Surya Sivan,5,18 March 2025,it's a good,N/A,N/A
Shanu K,5,18 March 2025,Good,N/A,N/A
Dinesh Shital,5,18 March 2025,gooo app,N/A,N/A
See something fantastic See something fantastic,5,18 March 2025,helpfully app,N/A,N/A
Raviverma2025,5,18 March 2025,good experience,N/A,N/A
SHIV KISHAN GURJAR,5,18 March 2025,Good,N/A,N/A
Ayush tohani,5,18 March 2025,Good,N/A,N/A
Praveen Rampur,5,18 March 2025,good,N/A,N/A
BISHAL SHANKAR,5,18 March 2025,Very useful and best app,N/A,N/A
Deepika Gharat,5,18 March 2025,Best app ever seen,N/A,N/A
Santu Maity,5,18 March 2025,Gd app,N/A,N/A
ROOBESH KUMAR,5,18 March 2025,Super,N/A,N/A
BRj ViBES,4,18 March 2025,Nice app works properly,N/A,N/A
shiju gopal,5,18 March 2025,ğŸ‘ğŸ‘,N/A,N/A
Bussy Stuart,5,18 March 2025,ok,N/A,N/A
Dubalekalyan Kalyan,5,18 March 2025,ğŸ’¯,N/A,N/A
Sandy Ice,4,18 March 2025,nice,N/A,N/A
afser husain,5,18 March 2025,Truely awesome,N/A,N/A
creative villagers,5,18 March 2025,Nice app very usefull download it's great information well done all teamğŸ™,N/A,N/A
nikhil Dhumal,5,18 March 2025,amezing,N/A,N/A
nagesh k,4,18 March 2025,very good,N/A,N/A
Ashish Shrivastava,5,18 March 2025,Good Results,N/A,N/A
nitya bariha,5,18 March 2025,good,N/A,N/A
