Username,Rating,Date,Review,Usefulness,Reply,Reply Date
MRS.RUTH PAUL,1,20 April 2024,"Horrible app. Firstly their tracking system is almost non-existent; they don't show you the tracking of the order it just shows ""order in process"" and then randomly one day the order will get delivered. That's not even the end of it. I ordered 3 products from them in their sale, paid for the 3 products and got only 2. Ive written emails to them multiple times with evidence and their logic was since there is no evidence of a damaged outer packaging, the order has been delivered. So disappointing",81 people found this review helpful,Kult E-commerce,22 April 2024
R C,4,13 April 2024,"Recently recieved my first ever purchase from them and the packaging was so cute!! My products came in a very fancy looking purple box that closes with a magnet!!! It felt like immense thought was put into making my experience worthwhile, and it was. On top of the mindblowing discount, I also received a freebie! I would purchase from Kult again and again. The only problem now is that every single item on my wishlist is OOF. There's a select products available on the website now :( Help!!",13 people found this review helpful,Kult E-commerce,15 April 2024
Riya Blue,1,9 January 2025,"So bad I've been trying to open the app for two days but I'm just never getting the otp, despite the number and everything being correct, i tried multiple times even with my mom's number just to be sure it's not my phone but yeah the app is problematic",1 person found this review helpful,N/A,N/A
nirmala isabel,1,27 August 2024,"Unfortunately turned out to be scam company. Did not ship orders for over a month, citing ""technical difficulties""...and the cancelled it from their end citing""new software"" or something....and then never gave the refund. I wish there was an option to give negative stars or atleast zero...this doesn't even deserve one star.",11 people found this review helpful,N/A,N/A
Prakriti Singh,1,24 August 2024,"Theives. I've shopped for 25k+, and have had seamless experience before. But now, they're giving away USED PRODUCTS in the name of discount. On opening Schwarzkopf hair colour, the applicator bottle tip was already broken and the bottle had 1/4th content. Threw it away! On the second occasion, they still haven't processed my refund. It's been 30 days, and they keep giving me RRN number, and asking me to get a letter from the bank. SCAMMERS. Keep my money you beggars.",6 people found this review helpful,N/A,N/A
Athira aathuzz,1,23 July 2024,Such a horrible app it is I placed my order on 17th and till now ai don't have any updates regarding my order and their app is crashed now and can't check the tracking... I called them multiple times to raise this issue and they r like the product is dispatched from our side... What kind of response is this... This app only provides prepaid order and doing fraud things... I hope people understand this and raise a voice to remove this fraud app from playstore..,9 people found this review helpful,Kult E-commerce,29 July 2024
Bisma Salam,2,22 May 2024,I've seen many peoples giving good opinion about this app That's why I download it and check it but most of the products I was looking for was not available on it like rom&nd juicy lip gloss and I see someone talking about cosrx... But when I search for it there isn't any brand shown named as cosrxüòπüòπ and most of the products are out of stock and most heartbreaking is when I applied any codes there's no cash on delivery option... That's so impartiality...i hope you'll find any solution for it.,10 people found this review helpful,Kult E-commerce,3 June 2024
Neeta Arur,5,11 June 2024,It is an amazing application. I am extremely happy with my purchase. They have such a cute packaging. No other platform gives such an amazing packaging. Please restock. People are waiting to buy more from Kult. Give us opportunity to make new purchases. I am certain that I am going to make more purchases from Kult. Above all the customer support team is extremely helpful üëè üëç,7 people found this review helpful,Kult E-commerce,11 June 2024
Nisha Behrani,5,25 June 2024,"Beauty Kult stands out with its comprehensive product reviews and beauty tips. The community feedback is incredibly helpful, and the app's layout makes it easy to find what I'm looking for. It's become an essential part of my daily routine.",N/A,Kult E-commerce,9 July 2024
Shubham Khemka,5,13 June 2024,"I've been using the Kult app for a few months now, and it has quickly become my go-to for all things beauty and skincare. The app is incredibly user-friendly and beautifully designed, making it easy to navigate through the vast selection of products.",N/A,Kult E-commerce,15 June 2024
R,1,28 August 2024,"Scam. First, they don't deliver your order for months. And after that when you cancel it, they don't refund. I cancelled my order a few weeks ago and I still haven't received my refund and they are not even responding. I'll file a complaint in the consumer forum. It was my first order and this is the worst experience I have ever had with a shopping app. Pathetic service.",9 people found this review helpful,N/A,N/A
Seema Chitre,1,27 March 2024,"This app does not have option to remove products from the cart. I also tried uninstalling the app but it does not work. Surprising that this feature should be missing on an online shopping app. Not sure how the ""influencers"" Never talk about this. That is why I have Trust Issues with these Honest Influencers. üòè",30 people found this review helpful,Kult E-commerce,1 April 2024
Purnima Singh,5,21 May 2024,I loved the products...idk why people have written negative comments over here but i recently came across this app through insta and i was a little sceptical about it ....they offer a huge discount on every product by their coupon codes that keeps changing.. overall it was really great shopping with kult‚ù§Ô∏è,8 people found this review helpful,Kult E-commerce,3 June 2024
Anita Sonkar,1,7 June 2024,"They NEVER restock sold-out products like this is soo freaking annoying, I'm waiting for rom&nd and other Korean products to restock from very log but everything's just getting keep sold-out, very disappointing that I haven't taken an experience of buying products from this app yet",12 people found this review helpful,Kult E-commerce,8 June 2024
Rashmi Roy,3,30 May 2024,Honestly the app is really good and delivery was fine too but the only problem it needs to improve is to stock up all the products as now most of the products are out of stock and don't know when they will again be in stock ... otherwise it would have been my most favourite shopping app for real !,3 people found this review helpful,Kult E-commerce,3 June 2024
Itz Misba,5,4 June 2024,Offers authentic products with affordable prices. It's really nice that they have International brands with great offers. Got My first parcel and very much Happy with that. Will purchase more. 100% Recommending it to everyone.,N/A,Kult E-commerce,4 June 2024
SUBHOJEET SETH,5,15 June 2024,Recently received my first purchase from them and the packing was so cute. My product came in a very fancy looking purple box that closes with a magnet. I also received a freebie. I would purchase from Kult again and again.,N/A,Kult E-commerce,10 July 2024
Sumi,1,9 May 2024,"301848 is my order i have received yesterday on 8th of may 2024. But just when i received my order one of my order is missing, i placed two order. I raised complaint instantly after finding it was missing but today they told me they cany refund me nor provide replacement. How can they make such a mistake and cannot even take responsibility? They cannot even provide me footage also. This is a fraud. Dont buy from this app. They intentionally did not put the product.",8 people found this review helpful,Kult E-commerce,12 May 2024
Ananya Baunthiyal,2,9 June 2024,The app is just horrible. It crashes and it's almost impossible to watch any video since the visual doesn't load while the audio continues over a white screen,3 people found this review helpful,Kult E-commerce,11 June 2024
sachin chaurasiya,5,25 July 2024,"Kult is a fantastic app for beauty enthusiasts, offering a wide range of high-quality makeup and skincare products. The user-friendly interface makes browsing and purchasing easy and enjoyable ___",N/A,Kult E-commerce,29 July 2024
R N,5,13 June 2024,"The Kult Beauty app is fantastic! It‚Äôs incredibly easy to use, and the product selection is amazing. I love the personalized recommendations and the detailed product information. Highly recommended! üòä",N/A,Kult E-commerce,15 June 2024
Krishna Kumar,5,7 July 2024,"Kult Makeup is a game-changer for beauty lovers! The app's powerful AI technology offers personalized recommendations and flawless virtual try-ons, making finding the perfect products a breeze. With its user-friendly interface and vast product library, Kult Makeup is a must-have for anyone looking to elevate their makeup game. ‚úåÔ∏è",3 people found this review helpful,Kult E-commerce,9 July 2024
Srividhya Jayakumar,1,12 March 2024,"Terrible experience with the customer service. Product is missing, 'comprehensive investigation' states it was packed. They don't share any resolution or a way to escalate. Rechecked today, the product is out of stock. I wonder if it was ever packed. No evidence to their claims despite asking the same of their customers. Also, was told by their executive to record all unboxing videos. Why is the onus on the customer and not the business?",21 people found this review helpful,Kult E-commerce,14 March 2024
Rajesh bisoi,5,7 July 2024,"Kult Makeup is a game-changer for anyone who loves experimenting with makeup! The app's AI-powered features make finding the perfect products a breeze, and the curated content from beauty experts is incredibly helpful. Whether you're a makeup newbie or a seasoned pro, Kult is a must-download for your beauty journey.__",2 people found this review helpful,Kult E-commerce,9 July 2024
Alphina V,5,8 March 2024,Offers authentic products with affordable prices. It's really nice that they have International brands with great offers. Got My first parcel and very much Happy with that. Will purchase more. üíØ % Recommending it to everyone.,11 people found this review helpful,Kult E-commerce,8 March 2024
Zeze Xexe,1,15 November 2023,Is there something wrong with this app? I have tried to login/register so many times but it doesn't allow me to. It always shows buffering. I have deleted and reinstalled so many times but still no solution,3 people found this review helpful,Kult E-commerce,16 November 2023
Shruti,3,12 May 2024,"To be honest it's a good app products are great everything else is very good, but the products are always in sold out position and it takes them a lot of time for them to be in stock again... That's the only issue i have faced..",16 people found this review helpful,Kult E-commerce,13 May 2024
Tasnim Tahira,1,22 August 2024,Such a horrible app . I placed my order on 5 th August yet they haven't any response...they show that they dispatch the product within 24-48 hours but it have already been 17 days yet no response. I called them 2 times but they haven't resolved my issue .,9 people found this review helpful,N/A,N/A
Anishka Gupta,1,28 May 2024,"Kindly ensure the payment gateway is working, also it's lagging. Address is not getting saved after too many tries. Inshort, it's lagging and shall be fixed with immediate effect.",2 people found this review helpful,Kult E-commerce,3 June 2024
Sania Nawaz,5,4 April 2024,"There are so many bad comments, but guys, give it a chance. I'm ordering a Cosrx Sanil Mucin on April 1 and getting my order on April 4... Before ordering, I'm a little bit scared, but after receiving it, I'm really satisfied, and the packaging, OMG, wow, I've never seen such cute packaging ever. The Kult app is so underrated... But only one thing is bothering me: they said they give freebies on orders above 500, but I've not received any kind of freebie on order 790. But it's ok‚ù§Ô∏è",39 people found this review helpful,Kult E-commerce,5 April 2024
anshika gupta,1,29 December 2024,Unable to sign up trying for last 5 days they are not sending otp,4 people found this review helpful,N/A,N/A
Reshmi Saha,1,12 October 2024,"Very bad app. Can't even place orders here, the screen keeps buffering and the order never gets placed. Customer support is non existent as nobody answers the call",2 people found this review helpful,N/A,N/A
Somali Shaw,1,1 April 2024,Worst app! I don't get the hype of the app when it doesn't let customers go beyond the login page! I put the number a thousand times and reinstalled the app multiple times as well but it won't take my number nor would it process the OTP!!! ü§∑üèª‚Äç‚ôÄÔ∏è,8 people found this review helpful,Kult E-commerce,1 April 2024
iqra shaikh,2,27 January 2024,I have placed my order 5 days ago but I have not got any updates regarding the order. The application assures dispatching of the product in 24-28 hours but there's no response at all. I feel this application is a big scam and fraud. I want reply as soon as possible regarding my order,15 people found this review helpful,Kult E-commerce,15 February 2024
Minakshi Pandey,1,29 December 2024,It keeps bluffing. I deleted and install again still don't work.,1 person found this review helpful,N/A,N/A
Madhu Nahata,5,13 June 2024,"Best beauty app! With its extensive range and user-friendly interface, the Kult Beauty app has become my go-to for skincare and makeup.",N/A,Kult E-commerce,15 June 2024
Subha Kuttyy,1,17 December 2024,OTP is not receiving to the phone for opening the app,3 people found this review helpful,N/A,N/A
Komal Maharshi,1,23 September 2023,The app doesnt even work i tried logging in but its useless. OTP never arrived so couldnt even start the application. Whats the point of having it when it doesnt log in. Will be uninstalling it asap,3 people found this review helpful,Kult E-commerce,4 October 2023
Himanshu Kumar,5,4 July 2024,Impressed with Kult's interface and how intuitive it is to navigate. Perfect for anyone looking to upgrade their beauty routine___,N/A,Kult E-commerce,9 July 2024
Manasi Duggal,1,27 August 2024,"Please avoid ordering from this scammy app. They would not send your order for a month because of ""technical glitches"", then cancel your order on their own and won't even give you a refund. Such a scam. Shameless",6 people found this review helpful,N/A,N/A
Kajal Chawda,5,19 June 2024,I am very happy with this app my expectations are super passed not only makeup but very wide range of high quality cosmetics are available very user friendly interface.,3 people found this review helpful,Kult E-commerce,9 July 2024
Greeshma Reddy,1,19 March 2024,"Worst app ever.‚ùå‚ùå‚ùå There is no return/cancel option. I have mailed them to return and they said return is not possible. Don't make a mistake by ordering from here. The flat2000 offer is tempting, but the products are not that good. Don't buy from kult.‚ùå‚ùå‚ùå",12 people found this review helpful,Kult E-commerce,21 March 2024
ARENSENLA JAMIR,1,30 May 2024,"Fraud app. My product is missing. I have sent numerous email, they reply that they'll look into it but till now no conclusion. It should be removed from playstore.",2 people found this review helpful,Kult E-commerce,3 June 2024
Potato Yeager,5,25 June 2024,"Fantastic app for beauty enthusiasts! Beauty Kult has a vast range of products with detailed reviews that help me make informed decisions. The app's design is sleek and user-friendly, making browsing a pleasure. A must-have for anyone into beauty products.""",N/A,Kult E-commerce,9 July 2024
Tushar P,1,28 February 2024,"App doesn't work on my Redmi Note 4 nor on my iPad 2. It opens but only shows app icons, rest all is invisible. They don't even have an Alternate website where I can place my Order. Such a Disappointment üòî",8 people found this review helpful,Kult E-commerce,29 February 2024
kantharaj kanthu,5,25 July 2024,"The Kult makeup beauty app offers a fantastic range of tools and tutorials to help you perfect your makeup skills! Whether you're experimenting with new looks or mastering classic techniques, it's a great companion for any makeup enthusiast.",1 person found this review helpful,Kult E-commerce,29 July 2024
Priya Dharshini,1,12 March 2024,No proper solution for the query and delivery of the product is pathetic. So disappointed with kult. Ordered one product but received used different product. Then asked for refund but they said refund is not possible for this product. Please don't buy from this app,6 people found this review helpful,Kult E-commerce,14 March 2024
Shreya Gupta,2,22 March 2024,Why so many products are out of stock nd several are not in stock please restock every item specially the face shop or body shop rice moisture I love this app bt only thing that I dislike about this app that several item are not available in this app please arrange it otherwise how can people purchase items for this app firstly I hear about this app I was so happy because this app provide Korean products nd I love Korean products bt I can't aspect which ever product that I used is out of stocksk,12 people found this review helpful,Kult E-commerce,22 March 2024
BIPIN BALAKRISHNAN,5,28 July 2024,"The Kult app offers a sleek interface and robust features, making it user-friendly and efficient. Its performance and value make it a strong choice for diverse needs___",1 person found this review helpful,Kult E-commerce,29 July 2024
Pukhraj Nahata,5,13 June 2024,"Exceptional app! From the product variety to the easy navigation, Kult Beauty has nailed it. Highly impressed with the service!",N/A,Kult E-commerce,15 June 2024
Sakshi Barhok,5,8 July 2024,My Personal experience is great the app itself is well-designed and runs smoothly. It‚Äôs pretty solid application for makeup products shopping loved it____,N/A,Kult E-commerce,9 July 2024
nida iman,5,31 May 2024,"I like this app very much but they should expand their stock and mainly Korean beauty products like anua,the face shop etc and they should restock quickly because we are waiting patiently to buy that products once more I request kult to please launch more Korean skin care brand's Thank you Love love üíó",N/A,Kult E-commerce,3 June 2024
Bandana Rathore,1,23 May 2024,No idea what the developers of this app are doing. I have been trying to log in since yesterday but just doesn't sends the otp to login. Horrible experience,N/A,Kult E-commerce,3 June 2024
manshi singh,5,16 June 2024,"Kult app offers an intuitive interface and effective workout plans, making fitness tracking simple and engaging. Highly recommended",N/A,Kult E-commerce,10 July 2024
Ritaj,1,27 August 2024,"Horrible service, they will not ship ur orders and cancel it themselves. Please stay away and dont waste your time. Refund also takes very long for them. They are a scam",7 people found this review helpful,N/A,N/A
Mumtaz Sahani,1,21 May 2024,How am I supposed to place an order if I can't even save my address on the app !? The app itself is full of glitches and the screen blacks out instead of loading .,N/A,Kult E-commerce,21 May 2024
Kulu Rai,5,5 April 2024,Besttttt app everrrrrüò≠üò≠I got my favourite products in such a low budget and the packaging is so cuteeee also there's always the free items in every orders love it sm! Thank you so much ü•π,6 people found this review helpful,Kult E-commerce,7 April 2024
Nisha Singh,1,7 April 2024,I've tried to login to this app but it is not even working. I've entered my number for so many times but the country selection option is not even working. Worst,8 people found this review helpful,Kult E-commerce,7 April 2024
Fiza shaikh,5,31 October 2023,"Very nice app, they delivered me in 1 day customer care is also very nice the only problem, the number you call on customer care and the number they used to call you as an customer care is not same, they deliver authentic product with great discounts, thanks kult app",5 people found this review helpful,Kult E-commerce,7 November 2023
Mahera Ansari,5,14 February 2024,"Best app i have ever found, the packaging is so cute. The first product I got in half price with their great 50% off deal. Thank you so much Kult. Please keep coming back with more offers üò≠üíï",2 people found this review helpful,Kult E-commerce,15 February 2024
mango,5,26 January 2024,love this app even tho I haven't ordered anything but would love to! can ya all bring back the isntree green tea toner or the isntree line itself? I'm on my knees fr! also since I'm a new user I missed out the kult75 offers that existed (yes I REGRET itüò≠) but bringing that back aswell would make me unstoppable from stocking up all my skincare hahahah üëπüëπ I also heard ya all have good customer service and that's soo great! ü•πüéÄü´ß keep up w the good work ü´∂üèªü´∂üèª,N/A,Kult E-commerce,15 February 2024
Haritha Reddy,1,12 December 2024,Unable to receive OTP. I tried 15 20 times... Horrible experience,4 people found this review helpful,N/A,N/A
hema priya,1,2 November 2024,Have placed my order and made payment but still I didn't get my product.. Such a scam company. Customer care told they will be shipping by 15 days but it's been 2 months afterr that they haven't picked up my call... So please people don't fall for this scam like I did... Pleaseüôè,1 person found this review helpful,N/A,N/A
HARLEEN Kaur,1,31 December 2024,"Can't even get an otp , even tried from different numbers!!!",1 person found this review helpful,N/A,N/A
Clara Spark,2,13 January 2025,This app doesn't send OTP to login,N/A,N/A,N/A
SpaceTimeBeing,1,14 January 2025,Let me browse without signing up. Straight data thieves.,N/A,N/A,N/A
Aastha Tripathi,5,5 April 2023,Its a beautiful app... 100% Original products.. and the packing is so beutiful.. Premium experience... and Yes You can only place order from iOS not android :),6 people found this review helpful,Kult E-commerce,10 April 2023
Ashu Tiwari,5,2 June 2024,It has a user-friendly interface.Delivery is good and products have a wide variety.,N/A,Kult E-commerce,3 June 2024
Shivam Saini,5,27 June 2024,"Thanks to Kult, I no longer feel overwhelmed by the endless skincare options out there. They do all the hard work, and I get to enjoy the benefits__",N/A,Kult E-commerce,9 July 2024
boby saini,5,27 June 2024,"Using Kult has been a delightful experience. Their recommendations are spot-on, and I love the convenience of having everything curated for me__",N/A,Kult E-commerce,9 July 2024
Kavita Shiva,5,14 September 2023,"Ordered from the kult 1pm sale and it was a smooth experience. The order was processed, looking forward to the getting the order now.",1 person found this review helpful,Kult E-commerce,15 September 2023
zephyr _04,3,10 April 2024,I think that the app is overall nice but it's a bit annoying when the product that you wish to buy is constantly out of stock.,3 people found this review helpful,Kult E-commerce,11 April 2024
Payel Jana,1,17 May 2024,Worst app i just back to address to recheck it and the coupon is not applicable anymore and i am typing the coupon again and again still not working,1 person found this review helpful,Kult E-commerce,18 May 2024
two side gamer,5,25 June 2024,The app's ability to calculate different loan scenarios has been invaluable for my financial planning. It's a must-have tool for anyone with loans.,N/A,Kult E-commerce,9 July 2024
Afsana Baigh,2,23 July 2024,App is not working....more over I placed a order 8days ago but still it's not shipped not packed....so poor customer service more over it's an pre paid order.... looking for solution.,N/A,Kult E-commerce,29 July 2024
Afsha Anjum,1,29 March 2024,I have got the dupe of Cosrx Snail Mucin Product it was my first time buying this product which is so hyped and that too from Kult App first time order seriously my heart just broke üíîü•∫please don't waste your money on this App.,1 person found this review helpful,Kult E-commerce,1 April 2024
Simran Kashab,5,5 April 2024,"Kult is amazing, have been using it for quite some time now and I'm never looking back. Just came here to express my love to you guys and it definitely is a kult. Be ware!! üòâ",1 person found this review helpful,Kult E-commerce,7 April 2024
Anima Kushary,1,4 April 2024,Literally this app is worst!! Idk if their so called influencers get paid for the reviews. I install the app open it but can't even get started it wouldn't let me login. It's the worst.,2 people found this review helpful,Kult E-commerce,4 April 2024
Astral Dreamer,1,17 September 2024,"They cancelled my order saying it was some server and then still haven't refunded it yet nor do they pick up the calls, I have even emailed them.",N/A,N/A,N/A
Akarshi Singh,1,31 March 2023,Making a fool out of customers. The App doesn't work. Why to launch apps when they don't work. No option after check out!! Useless app!,11 people found this review helpful,Kult E-commerce,10 April 2023
Vidhi Yadav,1,7 March 2024,"This app is just horrible. It is not working idk why. I can't even look at those products, it stops working.",4 people found this review helpful,Kult E-commerce,8 March 2024
Shriha Arasu,1,31 August 2024,"Didn't ship my order, and I asked them to cancel, they didn't issue my refund! Its been a month!",N/A,N/A,N/A
Medha Chandra,1,20 April 2023,"This app is the worst, no proper restock is available and sometimes once you place the order they will cancel it after few days stating product is oos.",11 people found this review helpful,Kult E-commerce,20 April 2023
Nikhil Kumar,5,28 June 2024,Sometimes the hardest part of achieving success is staying focused on your goals despite distractions and setbacks__,N/A,Kult E-commerce,9 July 2024
Tridisha Phukan,1,9 February 2024,Packing is not good. Received a broken pallete as a freebie. Price discrepancy is also there. On the launch day the listed prices of some products were high and next day they dropped the mrp by 20%,4 people found this review helpful,Kult E-commerce,15 February 2024
Thakur Ji,5,29 June 2024,The app's personalized approach to skincare is fantastic. Kult helps me put my best face forward every day__,N/A,Kult E-commerce,9 July 2024
Deeksha N V,1,8 April 2024,Worst user experience. App got stuck in login itself and country drop down is not working.. Need improve a lot,2 people found this review helpful,Kult E-commerce,11 April 2024
Kanan Singhal,2,21 December 2023,Most shades and products are always out of stock. They don't care to restock them.,5 people found this review helpful,Kult E-commerce,21 December 2023
Mustafy Sultana,3,2 April 2024,"Please stock up some hair care brands like Schwarzkopf professional, L'Oreal professional, matrix professional and also restock the products of wella professional.",9 people found this review helpful,Kult E-commerce,3 April 2024
sneha chakraborty,5,4 June 2024,The app gives you time to time offers for buying products ranging from all makeup brands to skincare to derma recommendations products.,N/A,Kult E-commerce,4 June 2024
Selva Rajan,1,4 February 2024,App keeps closing! I didn't know why . My phone says kult keeps stopping.,6 people found this review helpful,Kult E-commerce,15 February 2024
Bahar Jain,2,23 March 2024,"App doesn't work in between, shows blank screen too often.",3 people found this review helpful,Kult E-commerce,25 March 2024
ankita diya,5,10 April 2023,Really Happy with the platform. Consumers are getting an opportunity to use luxury products at best prices. Highly recommended,3 people found this review helpful,Kult E-commerce,10 April 2023
DHANESHWAR PRASAD,5,8 June 2024,Highly recommend for anyone looking for quality makeup at affordable prices.,N/A,Kult E-commerce,8 June 2024
Nitin Manohar,5,19 June 2024,Its a beauty product along with make up kit with good rate . Get Sort glorious skin .,N/A,Kult E-commerce,9 July 2024
Jaya lakshmi,5,7 June 2024,This app is user friendly and lot of makeup items is there all types of skin very good app,N/A,Kult E-commerce,8 June 2024
naman arora,5,8 July 2024,Very Nice I am using this app from last 1 year and experience is very fantastic amazing app for beauty shoping____,N/A,Kult E-commerce,9 July 2024
Hiya Ghosh,5,11 April 2024,Ordered the Jason Wu lip products. The packaging was really good. Got a freebie and 50% discount.,N/A,Kult E-commerce,12 April 2024
Rajan Kumar,5,14 July 2024,Kult makeup app is a game changer for beauty lovers and the apps powerfull Al technology offers a personalized recommendations___,N/A,Kult E-commerce,16 July 2024
Priyanka Panchal,5,3 June 2024,Kult is a good app for our skin product they ask us some questions related skin and then suggest product for our skin type,N/A,Kult E-commerce,3 June 2024
Rishav kumar,5,8 June 2024,Convenient way to discover new beauty trends and purchase my favorite makeup items.,N/A,Kult E-commerce,11 June 2024
Arya Kesharwani,5,11 May 2024,"Ordered multiple times, always had a good experience with Kult. So kult so cool :)",1 person found this review helpful,Kult E-commerce,12 May 2024
Aarti Sukale,1,24 August 2024,Kult aap is fraud app i didn't receive my refund money i did cancel my order almost 20 days ago and still i didn't get my refund money. I'm going to make a case against you in a court like one girl did on Zomato if u don't want it please refund my money's as soon as possible,1 person found this review helpful,N/A,N/A
Vanshika Rajput,4,8 May 2023,Customer care number doesn't work and it say order will get dispatch in 24-48 but it took 2-3 day still not dispatched,4 people found this review helpful,Kult E-commerce,8 May 2023
Blah blah blahh,1,5 November 2023,Everyone just says that there are good offers not there's nothing! A total waste of data for downloading this app!,3 people found this review helpful,Kult E-commerce,7 November 2023
Manshu Chandra,1,20 February 2024,Delayed the order and after return they are not processing the refund!!,2 people found this review helpful,Kult E-commerce,20 February 2024
Abhishek Raja Rathore,5,24 June 2024,Highly recommend Kult if you're serious about skincare. Takes the guesswork out with its accurate recommendations.,N/A,Kult E-commerce,9 July 2024
harini ‡≠®‡≠ß,3,26 April 2024,So i currently placed a order consisting of two products and there is no option to know the estimated delivery date. I think it'll be more flexible to know when your order will be delivered,6 people found this review helpful,Kult E-commerce,26 April 2024
Lungdayile Siang,5,16 February 2024,Very nice experience... Love the app so promising... Never disappoint till now very much satisfied will continue to use this app in future tooüòò,2 people found this review helpful,Kult E-commerce,18 February 2024
Artist Shorts,5,8 June 2024,"Superb customer experience, with timely updates on order status and delivery.",N/A,Kult E-commerce,8 June 2024
Aaradhya Singh,1,8 January 2024,"Pathetic experience, the app dsnt work at all, what's the point of discount when u just can't place order , it's really pathetic.",N/A,Kult E-commerce,11 January 2024
Nidhi Gupta,1,27 March 2024,Unable to give coupon code from first day of download. It's very frustrating,2 people found this review helpful,Kult E-commerce,1 April 2024
Varnnana BR,1,3 May 2024,Recently made a purchase and I wanted to return the product and I send email whic pop up on the site and got email that says email not delivered . What a pathetic service. Now the return date is closed .,N/A,Kult E-commerce,6 May 2024
Arunima Roy,5,23 March 2024,Wonderful app!!! Unbelievable offers on luxe beauty products. Authentic products.,2 people found this review helpful,Kult E-commerce,25 March 2024
Kashish Khatri,5,11 June 2024,best qualityof makeup product are available at very reasonable price best makeup app,N/A,Kult E-commerce,12 June 2024
Naaz,1,21 May 2024,Always products are out of stock it's better you please close the app too. This is so disappointing,N/A,Kult E-commerce,3 June 2024
15 Payal kumari 12COM,1,12 April 2024,"I am not able to open the app, now matter how much I try I can't put my phone number,worst app",2 people found this review helpful,Kult E-commerce,15 April 2024
Svt jihan,1,1 April 2024,Very very bad experience from this app it kept crashing finally I uninstalled it,1 person found this review helpful,Kult E-commerce,1 April 2024
Jyotirmayee Behera,5,25 April 2024,Best Beauty app ever in India Amazing offers with goodies love it...I wish I knew it before,1 person found this review helpful,Kult E-commerce,26 April 2024
Ankita Pramanik,5,4 June 2024,Best shopping application provider best dress up and other anything I recommended to all download the application,N/A,Kult E-commerce,4 June 2024
Deepshikha Negi,5,9 May 2024,Best of all beauty products apps üíú I appreciate the efforts of every person associated with kult üíå Grateful to have uhüåª,N/A,Kult E-commerce,12 May 2024
DILDAR HUSSAIN LASKAR,5,4 June 2024,One of the best shopping application without any problem and great application,N/A,Kult E-commerce,4 June 2024
Saroja Rasaily,5,22 December 2023,My experience was amazing..my parcel got delivered in 3-4 days and it's discounts are on unmatched,1 person found this review helpful,Kult E-commerce,29 December 2023
Arhan Khan,2,12 June 2024,I waited too long for product beauty of jhonson restock but it never restock.,N/A,Kult E-commerce,15 June 2024
DISHITA SHAH,3,4 April 2024,The app is not opening. I'm unable to log in.,2 people found this review helpful,Kult E-commerce,5 April 2024
Piyush Mehta,1,15 March 2024,"worst user interface, unable to even add address , deserves a zero star",2 people found this review helpful,Kult E-commerce,18 March 2024
P Sumanth,1,20 April 2023,So basically they have couple of useless products... With 0 proper re stocks.. This is absolutely ridiculous,5 people found this review helpful,Kult E-commerce,20 April 2023
kavita Khandelwal,5,16 August 2023,Free delivery plus flat 25% shopped alot. Nice app and videos,4 people found this review helpful,Kult E-commerce,21 August 2023
Ashiak,5,9 January 2024,Geniune k-beauty products and fast delivery. Loved it!,1 person found this review helpful,Kult E-commerce,11 January 2024
S R,1,27 August 2024,Fraud app. Doesn't send your products or refund on time and the customer service is useless,N/A,N/A,N/A
Musaina Musaina,1,26 March 2024,Heyy kult!!!!!!!! Please send the products in portblair also they are not valid so i think u should fix this asap!!!,1 person found this review helpful,Kult E-commerce,1 April 2024
Ashwini Godse,1,11 December 2024,I couldn't see any products on app.,N/A,N/A,N/A
Shaziya Siddiqui,1,13 February 2024,"Fake products, bad customer support. Don't waste your money for discounts.",1 person found this review helpful,Kult E-commerce,15 February 2024
Riya Paul,1,4 February 2025,75% discount is joke they don't even have 5% discount + no good products.,N/A,N/A,N/A
Gunika Khurana,1,19 May 2024,I can't even log in. Like it's so problematic. Useless app,N/A,Kult E-commerce,21 May 2024
20AH993 BBC Jahnavi,1,8 April 2024,There is no order cancel option and also customer support is responding,4 people found this review helpful,Kult E-commerce,11 April 2024
Parul Mahendru,1,11 November 2023,No use of this app.. they charge extra money on MRP as well. And 50% discount is going on .. what is the use ? When you already set high prices and then giving us the discount. Bakwas üòÅ nykka is better,2 people found this review helpful,Kult E-commerce,16 November 2023
Adithya Murali,5,28 July 2024,Kult makes finding the right skincare and beauty regimen easier than ever___,N/A,Kult E-commerce,29 July 2024
Kanchan Kumari,1,1 March 2024,This app is not working mein OTP daal rhi hu but log in nhi ho rha h app not work properly,1 person found this review helpful,Kult E-commerce,3 March 2024
prathiba amirtha,2,29 October 2024,Currently not able to place any orders on the app,N/A,N/A,N/A
Ayesha Ayyaz,5,1 November 2024,Please restock. Waiting to buy. Best app for skincare.,N/A,N/A,N/A
Suraksha,5,20 January 2024,Great discounts and the products are greatttt,N/A,Kult E-commerce,26 January 2024
Sushmita Solanki,5,21 April 2024,I just found a treasure on Play Store..üíù with lot's off offers .,N/A,Kult E-commerce,22 April 2024
Dharshini Priya,5,28 February 2025,It sad to see kult is downfall.its one of fav app.,1 person found this review helpful,N/A,N/A
Mamta Kumari,5,1 July 2024,The app's ability to get application best working app and nice app kul makeup app's ___,1 person found this review helpful,Kult E-commerce,9 July 2024
Nazmina Falak,4,12 April 2024,Please avail offers on minimalist products too,1 person found this review helpful,Kult E-commerce,29 December 2023
Hassan Tapadar,5,4 June 2024,In this application rear item available the application provided a best deal a many time,N/A,Kult E-commerce,4 June 2024
Krati Upadhyay,1,18 April 2024,Nothing is ever in stock. Literally everything is always put of stock.,N/A,Kult E-commerce,19 April 2024
Ruhi Hanifa Quazi,5,11 May 2024,I dont know why people are leaving negative reviews. Till date i have very good experience with Kult and team.,1 person found this review helpful,Kult E-commerce,12 May 2024
S F,1,31 August 2024,"Beware, they haven't shipped orders for over a month",N/A,N/A,N/A
Varnika Khandelwal,5,16 August 2023,Amazing choice of luxury brands with great offers.,3 people found this review helpful,Kult E-commerce,21 August 2023
Saloni Rawat,1,27 April 2024,At least restock items and expand your stock. It's been out of stock for weeks,N/A,Kult E-commerce,1 May 2024
Ridha Rayees,1,24 March 2024,Worst app. I can't even open this app I tried many times,N/A,Kult E-commerce,25 March 2024
Khizra Kousar,5,4 June 2024,"Yes, we sell only authentic products from verified suppliers. We take great care to ensure that our products are high quality",N/A,Kult E-commerce,4 June 2024
Letminlen Singson,1,25 March 2024,"The products they sell are not authentic, please don't purchase from them.",N/A,Kult E-commerce,1 April 2024
Shivani Gupta__,5,2 July 2024,Really such an amazing app totally worthful and trustworthy I would love to recommend this app ____,N/A,Kult E-commerce,9 July 2024
Ayisha Siddika H,5,17 May 2024,Wonderful app with huge discounts,N/A,Kult E-commerce,18 May 2024
Summe Mansuri,5,2 June 2024,This makeup app is awesome it amazing I love using this app,N/A,Kult E-commerce,3 June 2024
Yashank Aggarwal,5,2 May 2024,Great app with great offers!,N/A,Kult E-commerce,6 May 2024
BLACKPINK'S 5th member,5,21 May 2024,Really nice app and love the graphics üíó,N/A,Kult E-commerce,3 June 2024
Hiza hina,1,26 May 2024,I can't select my country at time of login on this app,N/A,Kult E-commerce,3 June 2024
Abushad Shaikh,5,30 June 2024,Wow I am surprised this app because shopping here products is very easy _____,N/A,Kult E-commerce,9 July 2024
Khadija nisar,1,31 March 2024,I need my refund the customer care number is not even working!!!!!! Plz check on my cancelled order I need my refund,N/A,Kult E-commerce,1 April 2024
Pinkal Patel,1,22 February 2024,I just downloaded this app and I'm not able to sign in using my mobile number. What to do?,1 person found this review helpful,Kult E-commerce,22 February 2024
Mahindra singh Hemanth dhoni7,5,14 June 2024,Very good app ever.hifhly recommend to download.,N/A,Kult E-commerce,15 June 2024
Iqra Azam,1,28 August 2024,Worst aap ever didn't proceed the orders and tangles the refund,N/A,N/A,N/A
Priya Gupta,5,2 July 2024,Amazing and useful app . I would like to recommend this app ___,N/A,Kult E-commerce,9 July 2024
Rashmi Sharma,1,23 March 2024,"The company operates unethically, causing chaos with sudden stock-ups and limited availability, while also engaging in provocative online banter and constantly changing offers, turning purchasing into a game akin to the Hunger Games. It's disgraceful to see them manipulate customers' emotions and money, fostering a negative attitude towards purchasing. Additionally, their toxic work environment forces employees to toil through the night for the sadistic pleasure of upper management.",N/A,N/A,N/A
Rohit Ghansham,1,20 March 2025,Don't download this app. They haven't paid their Employees.,N/A,N/A,N/A
Dayyan Shaikh,5,3 July 2024,I love how beauty kult provided personzlion beauty on my preference the daily articales are more important things highly recommend ____,N/A,Kult E-commerce,9 July 2024
Chhotu Kumar,5,1 July 2024,This is very useful application best working app and nice app ___,1 person found this review helpful,Kult E-commerce,9 July 2024
Rusha Nath,5,23 April 2024,They are giving best offers and i love it,1 person found this review helpful,Kult E-commerce,23 April 2024
HAWK Entertainments,5,2 June 2024,Loved the products lives upto your expectations best one in recent times,N/A,Kult E-commerce,8 June 2024
Kamini Bhati,1,29 March 2023,App is not working after clicking the option place order.,3 people found this review helpful,Kult E-commerce,10 April 2023
Shruthi Shruthi,1,5 June 2024,Everything i was searching for went out of stock ...poor app,N/A,Kult E-commerce,11 June 2024
Aien P,2,22 May 2024,Not many products. Most of them are out of stock,N/A,Kult E-commerce,3 June 2024
Adarsh Sinha,5,4 July 2024,This application is New app Play Store in market very much this application ___,N/A,Kult E-commerce,9 July 2024
Salma Rizwi,1,31 March 2023,It's not working at the time of checkout,2 people found this review helpful,Kult E-commerce,10 April 2023
Sruthi,1,29 October 2024,App features is not good,N/A,N/A,N/A
Towheed Ashraf,1,23 March 2024,Not showing images of products,N/A,Kult E-commerce,25 March 2024
seema jain,1,1 April 2024,App is not working,N/A,Kult E-commerce,1 April 2024
Selvam Harish Selvam Harish,1,10 May 2024,App does not work,N/A,Kult E-commerce,12 May 2024
Sanya,1,2 July 2023,Why kult75 coupon is not working for my firts order,4 people found this review helpful,Kult E-commerce,12 July 2023
Payal Hudda,1,22 July 2024,I can't able to open the app.,N/A,Kult E-commerce,29 July 2024
Vivek Bhatnagar,5,18 September 2023,Amazing stuff...love it,N/A,Kult E-commerce,18 September 2023
Moirangthem Bidyapati,1,12 June 2024,Can't even start the app,N/A,Kult E-commerce,12 June 2024
Ankita Boro,5,10 July 2024,Kult makeup application is a good_,N/A,Kult E-commerce,12 July 2024
Kar Pi,5,31 March 2024,I love this app . just go for it üò≠üò≠üò≠üíóüíóüíóüíóüíùüíù,N/A,Kult E-commerce,1 April 2024
Rupesh Kumar,5,17 June 2024,App is best app and mst app,N/A,Kult E-commerce,10 July 2024
Samra Siddiq,2,28 May 2024,The products are no longer back. What is this?,N/A,Kult E-commerce,3 June 2024
Shubham Parihar,1,23 March 2024,Can't even sign up,N/A,Kult E-commerce,25 March 2024
AS craft creativity,3,12 May 2024,I am not getting the otp what should i do now,N/A,Kult E-commerce,13 May 2024
GOWRI PRIYA,1,29 June 2024,Very expensive app.,N/A,Kult E-commerce,10 July 2024
Ayushi Roy,1,27 April 2024,Cod is unavailable,N/A,Kult E-commerce,2 May 2024
Rohit prajapati,5,17 June 2024,App is the best important app for important app for important app for,N/A,Kult E-commerce,10 July 2024
Parmeshwar Nagargoje,5,30 March 2023,Nice experience with kult,2 people found this review helpful,Kult E-commerce,10 April 2023
Prateekshya Panda,2,9 February 2024,Please please bring Cetaphil products.,N/A,Kult E-commerce,15 February 2024
Krittika Dev,3,13 March 2024,It's crashing,N/A,Kult E-commerce,14 March 2024
Anita Bele,1,27 April 2024,They dont take any returns.,N/A,Kult E-commerce,2 May 2024
Syeda Shereen Fathima,2,27 April 2024,Restock the Cosrx Snail Mucin 96 Essence asap,N/A,Kult E-commerce,2 May 2024
Priya Mudaliar,1,23 March 2024,Poor customer care experience,N/A,Kult E-commerce,25 March 2024
Praneeth Koppolu,5,17 April 2024,THE PERFECT APP ü§åüèº,N/A,Kult E-commerce,18 April 2024
Harshita Aggarwal,1,30 December 2024,Dead app,1 person found this review helpful,N/A,N/A
Shalvi Raj,1,28 August 2024,Pathetic Experience,N/A,N/A,N/A
Priya,1,27 August 2024,Fraud app,N/A,N/A,N/A
Bhuvanika,1,30 August 2024,fraud app,N/A,N/A,N/A
Arjun 9392,5,25 July 2024,"Kult is a fantastic fashion app that keeps me updated on the latest trends! The interface is sleek and visually appealing, with a vast collection of styles to explore. I love the personalized recommendations and ability to create my own looks. Kult also features a great community of fashion enthusiasts. Overall, Kult is a must-have for fashionistas __",N/A,Kult E-commerce,29 July 2024
Ramjith k,5,28 July 2024,"I've been using the Kult app for a few weeks now, and it's exceeded all my expectations. The user interface is intuitive, making it easy to navigate and find what I need. Plus, the personalized recommendations are spot on, making my experience truly enjoyable. Highly recommended___",N/A,Kult E-commerce,29 July 2024
Goutham KR,5,28 July 2024,Kult is a social app designed for like-minded individuals to connect over shared interests and activities. It offers a streamlined interface that makes finding and joining groups easy___,N/A,Kult E-commerce,29 July 2024
Muhammed Jesil,5,28 July 2024,Very use full app. Many features are in this app. It is a beautiful app. New features and new updates are in the app. Very fantastic and amazing app. you guys must try this ___,N/A,Kult E-commerce,29 July 2024
Sheeba N A,5,26 July 2024,This app is best online shopping beauty products. This product rate is very low. It is the amazing and userfriendly interface___,N/A,Kult E-commerce,29 July 2024
Ardhra M,5,28 July 2024,This app takes care of everything by recommending you the right products for your skin along with the accurate kult score which helps you in understanding your skin better and choosing the right products___,N/A,Kult E-commerce,29 July 2024
Anjali Suresh,5,28 July 2024,Kult MakeupBeauty Shopping is a lifestyle app available on Android that simplifies the search for the perfect skincare and beauty products _ _ _,N/A,Kult E-commerce,29 July 2024
Harini harshi,5,25 July 2024,Kult app is the one where I purchased makeup items which is fabulous___,N/A,Kult E-commerce,29 July 2024
Kanchan Ochani,5,24 July 2024,Kult makes finding the right skincare and beauty products. It gives amazing customer service. Their main motive is to cater all customers needs___,N/A,Kult E-commerce,29 July 2024
Sangita Devi,5,22 July 2024,Best application for make up product tutorial .,N/A,Kult E-commerce,29 July 2024
Priyanka Saha,1,23 July 2024,App mein login nahi ho rha haiüòë,N/A,Kult E-commerce,29 July 2024
Gopika Nandha,1,22 July 2024,Not good,N/A,Kult E-commerce,22 July 2024
Tasneem,5,7 July 2024,"Kult Beauty is a game-changer for makeup lovers! With curated brands and personalized recommendations, it's like having a beauty expert in your pocket. The user-friendly interface and fast shipping make it a must-have for anyone looking to elevate their makeup game.‚úåÔ∏è",N/A,Kult E-commerce,9 July 2024
Abhi Aashu,5,4 July 2024,"I've been using Beauty Kult for a few months now, and it's amazing! The personalized recommendations have introduced me to new products that suit my skin perfectly. The app is intuitive and offers great tips and tricks. Can't imagine my beauty routine without it___",N/A,Kult E-commerce,9 July 2024
Anil Kumar,5,7 July 2024,"Kult Beauty is a must-have for makeup lovers! The app's sleek interface and curated selection of brands make finding your perfect products a breeze. With personalized recommendations and exclusive deals, Kult Beauty is a game changer for your makeup routine. ‚úåÔ∏è",N/A,Kult E-commerce,9 July 2024
Shruti Nigam,5,7 July 2024,"Kult is a game-changer for makeup lovers! The app's personalized recommendations, curated product lists, and seamless shopping experience make finding your perfect match a breeze. It's like having a personal makeup artist in your pocket, only without the hefty price tag. ‚úåÔ∏è",1 person found this review helpful,Kult E-commerce,9 July 2024
Deepak Yadav,5,7 July 2024,"Kult Makeup app is a game-changer for beauty lovers! The curated selection of high-quality products and personalized recommendations make finding your perfect match effortless. Add in the seamless shopping experience and convenient delivery options, and you have a beauty app that truly delivers. ‚úåÔ∏è",N/A,Kult E-commerce,9 July 2024
Mister Pandit,5,5 July 2024,"Impressed with the range of products on Cult App. Whether I need a staple or want to try something new, they have it all. Shopping made enjoyable! ___",N/A,Kult E-commerce,9 July 2024
Priya Sharma,5,5 July 2024,"Cult App is my go-to for makeup shopping. The app is user-friendly, and they often have exclusive deals. Shopping here is always a treat! ___",N/A,Kult E-commerce,9 July 2024
Arpit k pachauri,5,5 July 2024,"Discovering new beauty essentials is so easy with Cult App. Their curated collections are on point, and I always find something special. Highly recommend! ___",N/A,Kult E-commerce,9 July 2024
abdul Ahmed,5,3 July 2024,I love how beauty provides personalized beauty tips based on my preferences. The daily articles are informative and keep me updated on the latest trends. The app has definitely improved my skin care routine. Highly recommend.,N/A,Kult E-commerce,9 July 2024
SADHANA Singh,5,12 July 2024,Girlss get your precious makeup at affordable prices. Product quality is A1 really like this app very much___,N/A,Kult E-commerce,16 July 2024
Rajeev Kumar,5,13 July 2024,Sometimes the hardest part of achieve success is staying focused on your goals deposite . It has a user friendly interface . ___,N/A,Kult E-commerce,16 July 2024
Bk Arora,5,8 July 2024,Fantastic beauty shopping app easy to use and smooth experience also it has a user friendly interface must try once____,N/A,Kult E-commerce,9 July 2024
Sabba Queen,5,9 July 2024,Kuti Makeup And Beauty shopping it is the very good amazing application of girls makeup use so please download this app and use it __,N/A,Kult E-commerce,10 July 2024
Anish Ansari,5,9 July 2024,Kuti Makeup And Beauty shopping it is the very very best and amazing application of girls makeup use so please download this app and use it __,N/A,Kult E-commerce,10 July 2024
Mosabir Mondal,5,3 July 2024,"This is a very good app, I like it very much. You will like it too. I love kult____",N/A,Kult E-commerce,9 July 2024
Sk safiul Islam,5,3 July 2024,Very good quality thip app shop near me and I will be happy to hear that you are ami ki korbo na tr keu relative to the world to me and ___,N/A,Kult E-commerce,9 July 2024
Abhishek Thakur,5,14 July 2024,"Kult is a game changer for a makeup lovers, this app personalized recommendations curated products list and seamless shoping experience make finding your perfect match a breeze___",N/A,Kult E-commerce,16 July 2024
Afroj Ansari,5,9 July 2024,Kuti Makeup And Beauty shopping it is the very best application of girls makeup use so please download __,N/A,Kult E-commerce,10 July 2024
Nosad Ansari,5,9 July 2024,Kult Makeup And Beauty shopping it is very nice application of girl makeup use so please download this app and use it __,N/A,Kult E-commerce,10 July 2024
Md Ibran,5,9 July 2024,Kuti Makeup And Beauty shopping it is the very amazing application of girls makeup use so please download this app and use it _ _,N/A,Kult E-commerce,10 July 2024
Anish Ansari,5,9 July 2024,Kuti Makeup And Beauty shopping it is the very best application of girls makeup use so please download this app and use it __,N/A,Kult E-commerce,10 July 2024
Sahil Ansari,5,9 July 2024,Kuti Makeup And Beauty shopping it is the very very best application of girls makeup use so please download this app and use it __,N/A,Kult E-commerce,10 July 2024
Ayush Mandal,5,14 July 2024,Kult- Makeup is game changer to anyone who loves experimenting with makup. This app is fully based with ai so everyone can try this app so easily___,N/A,Kult E-commerce,16 July 2024
Aliya Khan,5,13 July 2024,"This is the best hookup app out there for finding like- minded people, thus I strongly urge anyone looking for one to use it__",N/A,Kult E-commerce,16 July 2024
Himanshu kumar,5,4 July 2024,I am very happy with this app my expectations are super passed not only makeup but very wide range of high quality cosmetics are available very user friendly interface___,N/A,Kult E-commerce,9 July 2024
Sahbaj Ansari,5,9 July 2024,Kuti Makeup And Beauty shopping it is the very amezing app of girls makeup use so please download this app and use it __,N/A,Kult E-commerce,10 July 2024
Suhail Khan Khan,5,3 July 2024,Investment and you are not a bad mood today is my favorite thing in life that is the only person who you talking bout u but I'm going to get to the _____,N/A,Kult E-commerce,9 July 2024
Rahul Chaudhary,5,4 July 2024,beauty regimen easier than ever. We do the behind-the-scenes heavy ___,N/A,Kult E-commerce,9 July 2024
Zara,5,6 July 2024,it is soo easy to find good beauty products. Absolute game changer for ppl who are makeup enthusiast__,N/A,Kult E-commerce,9 July 2024
Muzzafar Hussain,5,8 July 2024,Fantastic app with intuitive design and seamless functionality. Highly recommend for anyone looking to streamline their daily tasks____,N/A,Kult E-commerce,9 July 2024
Afsana Bano,5,4 July 2024,Kult makes finding the right skincare and beauty regimen easier than ever. ___,N/A,Kult E-commerce,9 July 2024
Sai Ramakanth,5,12 July 2024,"Kult is Very amazing and rare application, kult application is so adorable like a shopping everything that you want..",N/A,Kult E-commerce,16 July 2024
Simaran Khatoon,5,6 July 2024,Really such an amazing app totally worthful and trustworthy I would love to recommend this app__,N/A,Kult E-commerce,9 July 2024
Fiza Khan,5,6 July 2024,It is one of the informative app for skin care and has nice experience_ _,N/A,Kult E-commerce,9 July 2024
Sintu X 39,5,8 July 2024,This app is very easy to use you can try this app once ____,N/A,Kult E-commerce,9 July 2024
Prince Raj,5,4 July 2024,This is very important application app work and beautiful so nice app work and beautiful so nice app work and beautiful so nice app work and beautiful _ _ _,N/A,Kult E-commerce,9 July 2024
Wasim Rock,5,4 July 2024,This is Very most important thing is that is the very best application ___,N/A,Kult E-commerce,9 July 2024
Deepanshu Kumar,5,4 July 2024,This application Was Sooo Amazing and Very Useful And Helping application ___,N/A,Kult E-commerce,9 July 2024
Rajputna Singh,5,4 July 2024,This application is very good and useful ___,N/A,Kult E-commerce,9 July 2024
Vansh Sharma,5,25 June 2024,"I've been using Beauty Kult for a few months now, and it's amazing! The personalized recommendations have introduced me to new products that suit my skin perfectly. The app is intuitive and offers great tips and tricks. Can't imagine my beauty routine without it!",1 person found this review helpful,Kult E-commerce,9 July 2024
Ramji,5,27 June 2024,"Kult's service is a game-changer! I appreciate their thorough analysis and tailored suggestions. My skin is finally getting the care it needs, and the improvement is remarkable__",N/A,Kult E-commerce,9 July 2024
Priya Malpani,5,3 July 2024,"Kult is the best shopping app due to its customer friendly features that tell us the kult score about a product whether it will suit me ,and packing very nicely packed, very useful app, all makeup products very nice and quality best product ___",N/A,Kult E-commerce,9 July 2024
Prachi Kadam,5,26 June 2024,"Highly recommend this app to anyone passionate about beauty. The tutorials are clear, and the community is great for getting feedback and tips. Definitely a must-have!__",N/A,Kult E-commerce,9 July 2024
Ashok Bhawnani,5,25 June 2024,"""I love how Beauty Kult provides personalized beauty tips based on my preferences. The daily articles are informative and keep me updated on the latest trends. The app has definitely improved my skincare routine. Highly recommend!",1 person found this review helpful,Kult E-commerce,9 July 2024
Javed Khan,5,25 June 2024,"Beauty Kult is my go-to app for all things beauty. The community is supportive, and the content is rich and diverse. I appreciate the honest reviews and the ability to track my favorite products. This app has revolutionized my beauty regimen!",N/A,Kult E-commerce,9 July 2024
Vivek Singh,5,16 June 2024,"Kult app excels with its user-friendly interface, diverse workout plans, and motivational features, enhancing fitness routines effectively.",N/A,Kult E-commerce,10 July 2024
Roger Realty,5,26 June 2024,"The variety of content is amazing! From makeup tips to skincare routines, this app has everything I need. The video quality is top-notch too!__",N/A,Kult E-commerce,9 July 2024
Sayan Dutta,5,22 June 2024,"There are so many bad comments, but guys, give it a chance. I'm ordering a Cosrx Sanil Mucin on April 1 and getting my order on April 4... Before ordering, I'm a little bit scared, but after receiving it, I'm really satisfied, and the packaging, OMG, wow, I've never seen such cute packaging ever. The Kult app is so underrated... But only one thing is bothering me: they said they give freebies on orders above 500, but I've not received any kind of freebie on order 790. But it's ok",3 people found this review helpful,Kult E-commerce,9 July 2024
NEETESH Sharma,5,27 June 2024,I'm so impressed with Kult's service. The detailed analysis and customized product suggestions have elevated my skincare routine__,N/A,Kult E-commerce,9 July 2024
Ganga Singh,5,16 June 2024,Navigating Kult makeup app is smooth. Great deals expert advice and a wide range of products cater to every beauty need,N/A,Kult E-commerce,10 July 2024
Sumit Kumar,5,27 June 2024,"I've struggled for years to find the right products, but Kult made it so simple. Their expertise takes the guesswork out of skincare. I'm thrilled with the results and the confidence boost it brings__",1 person found this review helpful,Kult E-commerce,9 July 2024
Chandni Das,5,26 June 2024,Great app for beauty enthusiasts! The step-by-step guides are very detailed and easy to follow. It's my go-to for learning new makeup techniques.,N/A,Kult E-commerce,9 July 2024
Pratima,5,21 June 2024,"""I can't get enough of this makeup app! It's like having a virtual beauty closet where I can test out all the latest trends without any commitment.""",N/A,Kult E-commerce,9 July 2024
Rishabh Bhai,5,28 June 2024,Kult's approach to skincare and beauty is refreshing‚Äîthey take the guesswork out of finding the right products. It's like having a personal beauty advisor who understands your skin's needs__,N/A,Kult E-commerce,9 July 2024
Sandeep Kumar,5,28 June 2024,I've found Kult's recommendations to be spot-on for my skincare journey. They've helped me discover products that have made a noticeable difference in my skin's health__,N/A,Kult E-commerce,9 July 2024
Anuj Kumar,5,27 June 2024,Kult has completely transformed my skincare routine! Their personalized recommendations save me so much time and my skin has never looked better__,N/A,Kult E-commerce,9 July 2024
Ankit Mishra,5,16 June 2024,Kult beauty app keeps my routine fresh. Discovering new brands and trends has never been easier or more enjoyable,N/A,Kult E-commerce,10 July 2024
Aman Kumar,5,28 June 2024,"Navigating the world of skincare can be overwhelming, but Kult makes it easier by offering a seamless shopping experience and valuable insights into product benefits__",N/A,Kult E-commerce,9 July 2024
MD Imran,5,29 June 2024,"Kult has made my beauty regimen stress-free. The recommendations are spot on, and I love the convenience__",N/A,Kult E-commerce,9 July 2024
Islam Khan,5,29 June 2024,I appreciate how Kult takes care of the behind-the-scenes work. It makes maintaining a skincare routine so much easier__,N/A,Kult E-commerce,9 July 2024
Baba,5,24 June 2024,Love how Kult analyzes my skin and suggests products. It's like having a personal skincare expert in my pocket!,N/A,Kult E-commerce,9 July 2024
Hima Shah,5,18 June 2024,Navigating the Kult Makeup Beauty app is a breeze! It's truly designed with makeup lovers in mind.,N/A,Kult E-commerce,10 July 2024
Shivani Singh,5,29 June 2024,"Finally, an app that takes the guesswork out of skincare. Kult does all the research for you__",N/A,Kult E-commerce,9 July 2024
ABHISHEK Shubham,5,16 June 2024,Finding gems on Kult beauty app is effortless. From skincare to makeup its my go to for quality and variety,N/A,Kult E-commerce,10 July 2024
Mahima Srivastav,5,18 June 2024,I've discovered some amazing new makeup brands and products that have become staples in my routine.,N/A,Kult E-commerce,10 July 2024
Pritam Prajapati,5,17 June 2024,Kult makeup aap is very good aap and working very well it is useful aap for modern life he is best application for you,N/A,Kult E-commerce,10 July 2024
Hemant Kumar,5,20 June 2024,Really this app is very useful and best app with google play store best and excellent app I will recommend it,N/A,Kult E-commerce,9 July 2024
Anjali Gupta,5,2 July 2024,It is one of the informative app for skincare and has nice experience ____,N/A,Kult E-commerce,9 July 2024
Shahzad Sheikh,5,30 June 2024,Kult is the best app for makeup and beauty products shoping app___,N/A,Kult E-commerce,9 July 2024
Chandan Kumar,5,1 July 2024,Fantastic beauty shoping app easy to use and smooth ___,1 person found this review helpful,Kult E-commerce,9 July 2024
Shahzad Shaikh,5,30 June 2024,"Good Product Available on this app, Cosmetics product app___",N/A,Kult E-commerce,9 July 2024
Shekh Shahbaz,5,30 June 2024,this is amazing app best makeup and beauty products app ____,N/A,Kult E-commerce,9 July 2024
Mohammad Faisal,5,30 June 2024,This is amazing app for shopping beauty products great app _____,N/A,Kult E-commerce,9 July 2024
Tejasvi Autade,5,19 June 2024,This app is very helpful all products are amazing,N/A,Kult E-commerce,10 July 2024
Ramesh Pandit,5,17 June 2024,App is best and mast app hai,N/A,Kult E-commerce,10 July 2024
S√∫r√†j K√∫m√†r √±.k pr√†j√†p√†t√≠,5,17 June 2024,app is best app and mst app and useful app,N/A,Kult E-commerce,10 July 2024
sumit Raj,5,17 June 2024,This app is very good and good app,N/A,Kult E-commerce,10 July 2024
Manish Solanki,5,14 June 2024,Kult is amazing makeup and beauty shopping app this app products quality is so amazing I always use this app this app highly recommended and its service best,N/A,Kult E-commerce,15 June 2024
Krishan Dev,5,14 June 2024,Amazing app to shop for makeup/beauty products.,N/A,Kult E-commerce,15 June 2024
Sowmay Shree,5,14 June 2024,Best app for self makeup,N/A,Kult E-commerce,15 June 2024
Sumit Gupta,5,13 June 2024,Bhut hi useful application hai,N/A,Kult E-commerce,15 June 2024
Sumitraa Mishra,5,13 June 2024,My using experience is so good and best application,N/A,Kult E-commerce,15 June 2024
Soni Amul,5,13 June 2024,I recommend this application this application provide good and best service,N/A,Kult E-commerce,15 June 2024
The Hero,5,11 June 2024,"Kult simplifies makeup shopping with its intuitive interface, extensive product range, and helpful tutorials. A must-have for beauty enthusiasts!",N/A,Kult E-commerce,11 June 2024
mamta verma,5,4 June 2024,Best shopping application if you want to shopping then obviously join the company he provided a low price with a best deal,N/A,Kult E-commerce,4 June 2024
Sunanda Sinha,5,6 June 2024,I loved the products. ..all makeup brands to skincare to derma recommendations products.,N/A,Kult E-commerce,8 June 2024
Sanjay Khatri,5,11 June 2024,The checkout process is quick and hassle-free. Multiple payment options and secure transactions make,N/A,Kult E-commerce,12 June 2024
ARSALAN GAMER FF,5,21 June 2024,"Just Makeup provides a wide range of high-quality cosmetics, catering to all skin tones and types",N/A,Kult E-commerce,9 July 2024
Gaurav,5,11 June 2024,"Very nice app for girls, must download this and shop your favorite makeup & beauty products with Kult",N/A,Kult E-commerce,12 June 2024
ROHIT SINGHAL,5,6 June 2024,For the women and girl who concious about quality of beauty products can download Kult -Makeup/Beauty app for girls,N/A,Kult E-commerce,8 June 2024
Pratima Mohanty,5,9 June 2024,This aap is the best aap for ladies because of makeup and beauty shopping aap good product in high quantity and also friendly aap,N/A,Kult E-commerce,11 June 2024
Tanveer Alam,5,6 June 2024,Best app for beauty and makeup products it's gives very good number of variety,N/A,Kult E-commerce,8 June 2024
Golu Kumar,5,11 June 2024,Kult makes finding the right skincare and beauty regimen easier than ever and very interesting app,N/A,Kult E-commerce,12 June 2024
Ak Gupta,5,5 June 2024,you can buy the best beauty products from kultur app‚úåÔ∏è,N/A,Kult E-commerce,8 June 2024
Priyanshu Saini,5,10 June 2024,Kault make up application is the best applications..,N/A,Kult E-commerce,11 June 2024
Pranav Gupta,5,5 June 2024,It provides best rate of beauty products‚úåÔ∏è,N/A,Kult E-commerce,8 June 2024
Piyush Pandey,5,10 June 2024,This application is very very makeup application and very good,N/A,Kult E-commerce,11 June 2024
Ashish Kumar,5,10 June 2024,This application interesting application and very very fast service application,N/A,Kult E-commerce,11 June 2024
Nitish Singh,5,9 June 2024,Kullikut application is the best application,N/A,Kult E-commerce,11 June 2024
Ananya Prabhu,4,28 May 2024,PLEASE RESTOCKKK!!,N/A,Kult E-commerce,3 June 2024
Medha Reddy Marri,1,24 May 2024,ü§Æ,N/A,Kult E-commerce,3 June 2024
Shradha Shukla,5,5 April 2024,Love this app. My favourite shopping app,1 person found this review helpful,Kult E-commerce,7 April 2024
Ananya Kashyap,5,2 April 2024,Best,N/A,Kult E-commerce,3 April 2024
Archana Bhartiya,5,10 April 2024,Kuntal M Bhrtiya Parmar,N/A,Kult E-commerce,11 April 2024
Priyanka Jana,1,5 April 2024,üò°üò°üò°üò°üò°üò°,1 person found this review helpful,Kult E-commerce,7 April 2024
Mahajan Bhoomika,5,6 April 2024,Future nykaaü•≥ü•≥,1 person found this review helpful,Kult E-commerce,7 April 2024
Kumud Rathod,4,10 March 2024,Excellent,1 person found this review helpful,Kult E-commerce,11 March 2024
Meenakshi Tuteja,1,15 February 2024,not yet,1 person found this review helpful,Kult E-commerce,18 February 2024
Muskan Shaikh,5,5 January 2024,Fantastic,1 person found this review helpful,Kult E-commerce,11 January 2024
gayatri patel,5,8 January 2024,Super,1 person found this review helpful,Kult E-commerce,11 January 2024
Rohan Bhatia,5,5 April 2023,Wonderful app.,2 people found this review helpful,Kult E-commerce,10 April 2023
Abdul Khan,5,19 June 2024,It is an amazing application. I am extremely happy with my purchase. They have such a cute packaging. No other platform gives such an amazing packaging. Please restock. People are waiting to buy more from Kult. Give us opportunity to make new purchases. I am certain that I am going to make more purchases from Kult. Above all the customer support team is extremely helpful,N/A,Kult E-commerce,9 July 2024
Mohd Aliyan,5,21 June 2024,"Kult is a fantastic app for all beauty enthusiasts! The range of makeup and beauty products is impressive, and the prices are competitive. The user interface is sleek and easy to navigate, making shopping a breeze. Plus, the customer service is top-notch. Highly recommend for all your beauty needs!",N/A,Kult E-commerce,9 July 2024
Anuptiwari,5,7 July 2024,"Kult Beauty is a game-changer for makeup lovers! Their app offers an amazing selection of curated brands, personalized recommendations, and exclusive deals. It's a one-stop shop for discovering new products and building your perfect makeup collection._",N/A,Kult E-commerce,9 July 2024
Disha Behrani,5,25 June 2024,"Beauty Kult is a game-changer! The product recommendations are spot on, and the community is so helpful. I've discovered so many new brands and products that I love. The user interface is clean and easy to navigate, making the whole experience enjoyable.",N/A,Kult E-commerce,9 July 2024
Priyanka Gupta,5,6 July 2024,"Cult App offers a fantastic range of makeup and beauty products. The interface is sleek, making shopping a breeze. Customer service is top-notch too! ___",N/A,Kult E-commerce,9 July 2024
Shivalika sorabh singh Rathore,5,10 July 2024,Very useful app shopping for new generation. Kult has a clean interface and provides all necessary items you want. . Highly recommend. __,N/A,Kult E-commerce,10 July 2024
ADESH Kumar,5,27 June 2024,Kult's personalized regimen has made such a difference for me. Their expert guidance ensures I use the best products for my skin type. It's like having a personal skincare consultant at my fingertips__,N/A,Kult E-commerce,9 July 2024
AKASH BAIGA,5,5 July 2024,"Love shopping on Cult App! They have all the latest makeup trends and brands I adore. Shipping is fast, and the packaging is always impeccable. ___",N/A,Kult E-commerce,9 July 2024
Sahil Sharma,5,5 July 2024,"As a makeup enthusiast, Cult App is a dream come true. They stock everything from skincare to makeup tools, all from trusted brands. Never disappointed! ___",N/A,Kult E-commerce,9 July 2024
Anil Sharma,5,5 July 2024,"Shopping on Cult App is addictive in the best way possible. The app layout is intuitive, and their product reviews are helpful. Always a great experience! ___",N/A,Kult E-commerce,9 July 2024
Madhumoy Das,5,15 June 2024,"I like this app very much but they should expand their stock and mainly Korean beauty products like anua,the face shop etc and they should restock quickly because we are waiting patiently to buy that products once more I request kult to please launch more Korean skin care brand's Thank you Love love",N/A,Kult E-commerce,10 July 2024
Golu Panjwani,5,11 June 2024,"My orders always arrive on time, and the packaging is secure and beautiful. The app's delivery service is top-notch, making it my go-to for all makeup purchases.",N/A,Kult E-commerce,12 June 2024
rajkapoor Verma,5,26 June 2024,"Fantastic app! The tutorials are easy to follow, and I love the product recommendations. It's helped me discover new brands and products I now can't live without.__",N/A,Kult E-commerce,9 July 2024
Redmi Y2,5,26 June 2024,"I've tried several beauty apps, but this one stands out. The interface is user-friendly, and the content is consistently updated with the latest trends.",N/A,Kult E-commerce,9 July 2024
Gaurav Mishra,5,21 June 2024,One of the biggest benefits of Kult make-up and beauty shopping is the wide variety of products available. From high-end brands to drugstore options,N/A,Kult E-commerce,9 July 2024
vivek patel,5,16 June 2024,Kult makeup app offers top notch products. Easy browsing helpful reviews and quick delivery make shopping for beauty essentials a breeze,N/A,Kult E-commerce,10 July 2024
sasmitanayak sasmita,5,12 July 2024,Kult_ Makeup and beauty shopping aap is very useful aap for everyone who wants to looking beautiful and stylish.. it's a trusted aap also helpful for beautiful ladies___,N/A,Kult E-commerce,16 July 2024
bishal sahoo,5,6 June 2024,Kult app makes finding the right skincare and beauty regimen easier than ever. We do the behind-the-scenes heavy lifting. I will satisfactied this app.,N/A,Kult E-commerce,8 June 2024
Nityam Singh,5,16 June 2024,Kult beauty app is my beauty bible. Reliable reviews timely updates and exclusive launches keep me coming back for more,N/A,Kult E-commerce,10 July 2024
Debu Das,5,24 June 2024,"Kult app transformed my skincare routine! Easy to use, personalized recommendations that actually work.",N/A,Kult E-commerce,9 July 2024
Ravi Bhalerao,5,21 June 2024,Kult is a game-changer when it comes to skincare and beauty. Their curated selection of products takes the guesswork out of finding the right regimen for your skin type.,N/A,Kult E-commerce,9 July 2024
Sneha Sharma,5,26 June 2024,This app is a lifesaver for my skincare routine. The personalized recommendations have made a huge difference. The community section is also very supportive and inspiring.__,N/A,Kult E-commerce,9 July 2024
Sazida Tabassum,5,4 July 2024,"Kult makes finding the right skincare and beauty regimen easier than ever. We do the behind-the-scenes heavy lifting, ___",N/A,Kult E-commerce,9 July 2024
chandra shekhar,5,28 June 2024,"For anyone looking to revamp their skincare routine with confidence, Kult is a trustworthy ally. Their tailored approach ensures you're investing in products that work__",N/A,Kult E-commerce,9 July 2024
Jay Nigam,5,22 June 2024,Experience is super of this app. All information are very real and good.very easy and friendly to use,N/A,Kult E-commerce,9 July 2024
Abj Jwjwj,5,10 July 2024,"Best place for shopping makeup and beauty items,At reasonable price all variaties and Best products___",N/A,Kult E-commerce,10 July 2024
Mohammad atiqur Rahman,5,31 May 2024,Five star rated app for skincare products. Love to use this app,N/A,Kult E-commerce,3 June 2024
Saurabh Vishvakarma,5,27 July 2024,This app is very nice and more person like this app and use online services and more person trusted this app___,N/A,Kult E-commerce,29 July 2024
Vanshika saryani,5,11 June 2024,Great Deals and Discounts I love the frequently sales and exclusive discounts availableon app.,N/A,Kult E-commerce,12 June 2024
Murari Chhimpa,5,6 June 2024,Best aap for shopping makeup kit . Good service provider.,N/A,Kult E-commerce,8 June 2024
Mohit Kumar,5,28 June 2024,Their commitment to quality and innovation shines through in every product they recommend. Kult truly prioritizes both efficacy and safety in skincare__,N/A,Kult E-commerce,9 July 2024
Sitara Parveen,5,30 May 2024,Very good for beauty products at very best price really very nice app which helps us to choose the right product according to our skin texture.,N/A,Kult E-commerce,3 June 2024
ALYAN GAMER FF,5,6 June 2024,I loved the products...idk why people have written negative comments over here but i recently came across this app through insta,N/A,Kult E-commerce,8 June 2024
Adi Thakur,5,29 June 2024,"Kult is a game-changer! It simplifies the process of choosing the right beauty regimen, so I can focus on feeling confident__",N/A,Kult E-commerce,9 July 2024
Indu Saxena,5,30 May 2024,Very helpful in selecting right care for the skin. It is very nice and best thankful to it üòò love this app.,N/A,Kult E-commerce,3 June 2024
bhagat singh,5,22 June 2024,Its a beauty product along with make up kit with good rate. Get sort glorious skin.,N/A,Kult E-commerce,9 July 2024
Md firoj Benipatti Khan betuna B,5,31 May 2024,Using it for all my cosmetics need. Very best app is this Kult for us.,N/A,Kult E-commerce,3 June 2024
Indu Prabha Singh,5,30 May 2024,Best product available with our skin care matching needs you can get from this app very best platform for buying your skin or beauty care needs,N/A,Kult E-commerce,3 June 2024
Najrana Khatoon,5,30 May 2024,Best for makeup and beauty products. I have been using this app after my colleagues were talking about this best app.,N/A,Kult E-commerce,3 June 2024
Himanshu Gupta,5,3 July 2024,Kult makeup beauty shopping app with a nice app to get up very nice product for a beauty and make-up kit and many more products ____,N/A,Kult E-commerce,9 July 2024
Pankaj Nanda,5,3 July 2024,Great app for beauty lovera i used kult more than 1 week it gives best result definitely recommend _____,N/A,Kult E-commerce,9 July 2024
Hema Singh,5,29 June 2024,Kult has transformed my skincare routine! I love how easy it is to find the perfect products for my skin type__,N/A,Kult E-commerce,9 July 2024
Roshan Gupta,5,26 July 2024,Kult makeup and beauty shopping app is for the people who want the best makeup products with a guarantee.This app is made for them.___,N/A,Kult E-commerce,29 July 2024
Sushant Gupta,5,4 July 2024,Kult makes finding the right skincare and beauty regimen easier than ever ___,N/A,Kult E-commerce,9 July 2024
Alfiya Khatoon,5,30 June 2024,Some day to use this app his amazing app beauty products is very lown prise purses in this app ____,N/A,Kult E-commerce,9 July 2024
Sunny Choubey,5,10 July 2024,Kult is a very good and wonderful app for online beauty shopping products where you can find multiple options__,N/A,Kult E-commerce,10 July 2024
Md Farhan Raza,5,18 June 2024,This is best app for buying beauty and cosmetics products at very good prices,N/A,Kult E-commerce,10 July 2024
Komal Kumari,5,1 July 2024,I am so happy this app is very useful application best working app and good working app ___,1 person found this review helpful,Kult E-commerce,9 July 2024
Huzaif Shah,5,21 June 2024,I am very happy with this app my expectations are super passed.,N/A,Kult E-commerce,9 July 2024
Maa Aa,5,31 May 2024,One of the very best platform for buying makeup kits is this kult.,N/A,Kult E-commerce,3 June 2024
Amaan Sheikh,5,1 June 2024,You can find the right skincare through this app...I like it.,N/A,Kult E-commerce,3 June 2024
Abdul Kaif,5,30 June 2024,It's amazing app I am always use this app and shop here product _____,N/A,Kult E-commerce,9 July 2024
Madhur Bansal,5,5 June 2024,Best app for all beauty products need‚úåÔ∏è,N/A,Kult E-commerce,8 June 2024
Insha Singh,5,30 May 2024,Best app for makeup . It is very good for skin care.,N/A,Kult E-commerce,3 June 2024
Ahad Jama,5,6 July 2024,Amazing and useful app. I would like to recommend this app__,N/A,Kult E-commerce,9 July 2024
Rahul Kumar,5,17 June 2024,Kult makeup beaut app is the best app and very nice app for application app and useful app,N/A,Kult E-commerce,10 July 2024
Shanawaz Shaikh,5,31 May 2024,Very good app to purchase skin care products,N/A,Kult E-commerce,3 June 2024
Ashish Sharma,5,20 June 2024,I have a very good experience using the app I feel satisfied using this app,N/A,Kult E-commerce,9 July 2024
Mintu Sk,5,20 June 2024,The app is very useful and best I have a very good experience using this app,N/A,Kult E-commerce,9 July 2024
Parbhat KUMAR,5,12 July 2024,"This application is very good ,this app accurate and enjoyable app _ _ _",N/A,Kult E-commerce,16 July 2024
Kartik Kumar,5,5 June 2024,I bought 10 beauty products from this app‚úåÔ∏è,N/A,Kult E-commerce,8 June 2024
agam shukla,5,16 June 2024,Nyc app and very special features and functions,N/A,Kult E-commerce,10 July 2024
Shubham Tiwari,5,13 June 2024,Super application it's very osm and best application,N/A,Kult E-commerce,15 June 2024
Rupanjali Dubey,1,12 March 2024,Bekar app h kaam hi nshi krta,N/A,Kult E-commerce,13 March 2024
Anamika Babu,1,2 June 2024,I cant download tthis app in play store,N/A,Kult E-commerce,3 June 2024
Prince Pandey,5,10 June 2024,Kault to application is the very very interesting application and very nice service,N/A,Kult E-commerce,11 June 2024
sushma Tiwari,5,13 June 2024,It's very best and superb application,N/A,Kult E-commerce,15 June 2024
Suraj Kumar,5,17 June 2024,Application for the best Nad very useful,N/A,Kult E-commerce,10 July 2024
Krti Singh,5,10 June 2024,Application is the very very interesting application this application beauty application,N/A,Kult E-commerce,11 June 2024
Arpit Mishra,5,13 June 2024,This is absolutely best application,N/A,Kult E-commerce,15 June 2024
Shivam tiwari shibhu,5,13 June 2024,This is very best application,N/A,Kult E-commerce,15 June 2024
mohit Singh,5,17 June 2024,This application is very very good application,N/A,Kult E-commerce,10 July 2024
Ankita Maina,5,19 June 2024,Good application,N/A,Kult E-commerce,9 July 2024
Aman Tiwari,5,13 June 2024,Bhut hi badiya application makeup ke liye,N/A,Kult E-commerce,15 June 2024
Bhavishya,3,23 May 2024,Laggy app,N/A,Kult E-commerce,3 June 2024
