Username,Rating,Date,Review,Reply,Reply Date,Usefulness
Rohit Ghansham,1,20 March 2025,Don't download this app. They haven't paid their Employees.,,,"('N/A', 'N/A')"
Dharshini Priya,5,28 February 2025,It sad to see kult is downfall.its one of fav app.,,,1 person found this review helpful
Riya Paul,1,4 February 2025,75% discount is joke they don't even have 5% discount + no good products.,,,"('N/A', 'N/A')"
SpaceTimeBeing,1,14 January 2025,Let me browse without signing up. Straight data thieves.,,,"('N/A', 'N/A')"
Clara Spark,2,13 January 2025,This app doesn't send OTP to login,,,"('N/A', 'N/A')"
Riya Blue,1,9 January 2025,"So bad I've been trying to open the app for two days but I'm just never getting the otp, despite the number and everything being correct, i tried multiple times even with my mom's number just to be sure it's not my phone but yeah the app is problematic",,,1 person found this review helpful
HARLEEN Kaur,1,31 December 2024,"Can't even get an otp , even tried from different numbers!!!",,,1 person found this review helpful
Harshita Aggarwal,1,30 December 2024,Dead app,,,1 person found this review helpful
anshika gupta,1,29 December 2024,Unable to sign up trying for last 5 days they are not sending otp,,,4 people found this review helpful
Minakshi Pandey,1,29 December 2024,It keeps bluffing. I deleted and install again still don't work.,,,1 person found this review helpful
Subha Kuttyy,1,17 December 2024,OTP is not receiving to the phone for opening the app,,,3 people found this review helpful
Haritha Reddy,1,12 December 2024,Unable to receive OTP. I tried 15 20 times... Horrible experience,,,4 people found this review helpful
Ashwini Godse,1,11 December 2024,I couldn't see any products on app.,,,"('N/A', 'N/A')"
hema priya,1,2 November 2024,Have placed my order and made payment but still I didn't get my product.. Such a scam company. Customer care told they will be shipping by 15 days but it's been 2 months afterr that they haven't picked up my call... So please people don't fall for this scam like I did... Pleaseüôè,,,1 person found this review helpful
Ayesha Ayyaz,5,1 November 2024,Please restock. Waiting to buy. Best app for skincare.,,,"('N/A', 'N/A')"
prathiba amirtha,2,29 October 2024,Currently not able to place any orders on the app,,,"('N/A', 'N/A')"
Sruthi,1,29 October 2024,App features is not good,,,"('N/A', 'N/A')"
Reshmi Saha,1,12 October 2024,"Very bad app. Can't even place orders here, the screen keeps buffering and the order never gets placed. Customer support is non existent as nobody answers the call",,,2 people found this review helpful
Astral Dreamer,1,17 September 2024,"They cancelled my order saying it was some server and then still haven't refunded it yet nor do they pick up the calls, I have even emailed them.",,,"('N/A', 'N/A')"
Shriha Arasu,1,31 August 2024,"Didn't ship my order, and I asked them to cancel, they didn't issue my refund! Its been a month!",,,"('N/A', 'N/A')"
S F,1,31 August 2024,"Beware, they haven't shipped orders for over a month",,,"('N/A', 'N/A')"
Bhuvanika,1,30 August 2024,fraud app,,,"('N/A', 'N/A')"
R,1,28 August 2024,"Scam. First, they don't deliver your order for months. And after that when you cancel it, they don't refund. I cancelled my order a few weeks ago and I still haven't received my refund and they are not even responding. I'll file a complaint in the consumer forum. It was my first order and this is the worst experience I have ever had with a shopping app. Pathetic service.",,,9 people found this review helpful
Iqra Azam,1,28 August 2024,Worst aap ever didn't proceed the orders and tangles the refund,,,"('N/A', 'N/A')"
Shalvi Raj,1,28 August 2024,Pathetic Experience,,,"('N/A', 'N/A')"
S R,1,27 August 2024,Fraud app. Doesn't send your products or refund on time and the customer service is useless,,,"('N/A', 'N/A')"
nirmala isabel,1,27 August 2024,"Unfortunately turned out to be scam company. Did not ship orders for over a month, citing ""technical difficulties""...and the cancelled it from their end citing""new software"" or something....and then never gave the refund. I wish there was an option to give negative stars or atleast zero...this doesn't even deserve one star.",,,11 people found this review helpful
Manasi Duggal,1,27 August 2024,"Please avoid ordering from this scammy app. They would not send your order for a month because of ""technical glitches"", then cancel your order on their own and won't even give you a refund. Such a scam. Shameless",,,6 people found this review helpful
Priya,1,27 August 2024,Fraud app,,,"('N/A', 'N/A')"
Ritaj,1,27 August 2024,"Horrible service, they will not ship ur orders and cancel it themselves. Please stay away and dont waste your time. Refund also takes very long for them. They are a scam",,,7 people found this review helpful
Aarti Sukale,1,24 August 2024,Kult aap is fraud app i didn't receive my refund money i did cancel my order almost 20 days ago and still i didn't get my refund money. I'm going to make a case against you in a court like one girl did on Zomato if u don't want it please refund my money's as soon as possible,,,1 person found this review helpful
Prakriti Singh,1,24 August 2024,"Theives. I've shopped for 25k+, and have had seamless experience before. But now, they're giving away USED PRODUCTS in the name of discount. On opening Schwarzkopf hair colour, the applicator bottle tip was already broken and the bottle had 1/4th content. Threw it away! On the second occasion, they still haven't processed my refund. It's been 30 days, and they keep giving me RRN number, and asking me to get a letter from the bank. SCAMMERS. Keep my money you beggars.",,,6 people found this review helpful
Tasnim Tahira,1,22 August 2024,Such a horrible app . I placed my order on 5 th August yet they haven't any response...they show that they dispatch the product within 24-48 hours but it have already been 17 days yet no response. I called them 2 times but they haven't resolved my issue .,,,9 people found this review helpful
Adithya Murali,5,28 July 2024,Kult makes finding the right skincare and beauty regimen easier than ever___,Kult E-commerce,2024-07-29,"('N/A', 'N/A')"
Ardhra M,5,28 July 2024,This app takes care of everything by recommending you the right products for your skin along with the accurate kult score which helps you in understanding your skin better and choosing the right products___,Kult E-commerce,2024-07-29,"('N/A', 'N/A')"
Muhammed Jesil,5,28 July 2024,Very use full app. Many features are in this app. It is a beautiful app. New features and new updates are in the app. Very fantastic and amazing app. you guys must try this ___,Kult E-commerce,2024-07-29,"('N/A', 'N/A')"
Anjali Suresh,5,28 July 2024,Kult MakeupBeauty Shopping is a lifestyle app available on Android that simplifies the search for the perfect skincare and beauty products _ _ _,Kult E-commerce,2024-07-29,"('N/A', 'N/A')"
Goutham KR,5,28 July 2024,Kult is a social app designed for like-minded individuals to connect over shared interests and activities. It offers a streamlined interface that makes finding and joining groups easy___,Kult E-commerce,2024-07-29,"('N/A', 'N/A')"
BIPIN BALAKRISHNAN,5,28 July 2024,"The Kult app offers a sleek interface and robust features, making it user-friendly and efficient. Its performance and value make it a strong choice for diverse needs___",Kult E-commerce,2024-07-29,1 person found this review helpful
Ramjith k,5,28 July 2024,"I've been using the Kult app for a few weeks now, and it's exceeded all my expectations. The user interface is intuitive, making it easy to navigate and find what I need. Plus, the personalized recommendations are spot on, making my experience truly enjoyable. Highly recommended___",Kult E-commerce,2024-07-29,"('N/A', 'N/A')"
Saurabh Vishvakarma,5,27 July 2024,This app is very nice and more person like this app and use online services and more person trusted this app___,Kult E-commerce,2024-07-29,"('N/A', 'N/A')"
Sheeba N A,5,26 July 2024,This app is best online shopping beauty products. This product rate is very low. It is the amazing and userfriendly interface___,Kult E-commerce,2024-07-29,"('N/A', 'N/A')"
Roshan Gupta,5,26 July 2024,Kult makeup and beauty shopping app is for the people who want the best makeup products with a guarantee.This app is made for them.___,Kult E-commerce,2024-07-29,"('N/A', 'N/A')"
kantharaj kanthu,5,25 July 2024,"The Kult makeup beauty app offers a fantastic range of tools and tutorials to help you perfect your makeup skills! Whether you're experimenting with new looks or mastering classic techniques, it's a great companion for any makeup enthusiast.",Kult E-commerce,2024-07-29,1 person found this review helpful
Arjun 9392,5,25 July 2024,"Kult is a fantastic fashion app that keeps me updated on the latest trends! The interface is sleek and visually appealing, with a vast collection of styles to explore. I love the personalized recommendations and ability to create my own looks. Kult also features a great community of fashion enthusiasts. Overall, Kult is a must-have for fashionistas __",Kult E-commerce,2024-07-29,"('N/A', 'N/A')"
Harini harshi,5,25 July 2024,Kult app is the one where I purchased makeup items which is fabulous___,Kult E-commerce,2024-07-29,"('N/A', 'N/A')"
sachin chaurasiya,5,25 July 2024,"Kult is a fantastic app for beauty enthusiasts, offering a wide range of high-quality makeup and skincare products. The user-friendly interface makes browsing and purchasing easy and enjoyable ___",Kult E-commerce,2024-07-29,"('N/A', 'N/A')"
Kanchan Ochani,5,24 July 2024,Kult makes finding the right skincare and beauty products. It gives amazing customer service. Their main motive is to cater all customers needs___,Kult E-commerce,2024-07-29,"('N/A', 'N/A')"
Athira aathuzz,1,23 July 2024,Such a horrible app it is I placed my order on 17th and till now ai don't have any updates regarding my order and their app is crashed now and can't check the tracking... I called them multiple times to raise this issue and they r like the product is dispatched from our side... What kind of response is this... This app only provides prepaid order and doing fraud things... I hope people understand this and raise a voice to remove this fraud app from playstore..,Kult E-commerce,2024-07-29,9 people found this review helpful
Afsana Baigh,2,23 July 2024,App is not working....more over I placed a order 8days ago but still it's not shipped not packed....so poor customer service more over it's an pre paid order.... looking for solution.,Kult E-commerce,2024-07-29,"('N/A', 'N/A')"
Priyanka Saha,1,23 July 2024,App mein login nahi ho rha haiüòë,Kult E-commerce,2024-07-29,"('N/A', 'N/A')"
Payal Hudda,1,22 July 2024,I can't able to open the app.,Kult E-commerce,2024-07-29,"('N/A', 'N/A')"
Sangita Devi,5,22 July 2024,Best application for make up product tutorial .,Kult E-commerce,2024-07-29,"('N/A', 'N/A')"
Gopika Nandha,1,22 July 2024,Not good,Kult E-commerce,2024-07-22,"('N/A', 'N/A')"
Ayush Mandal,5,14 July 2024,Kult- Makeup is game changer to anyone who loves experimenting with makup. This app is fully based with ai so everyone can try this app so easily___,Kult E-commerce,2024-07-16,"('N/A', 'N/A')"
Abhishek Thakur,5,14 July 2024,"Kult is a game changer for a makeup lovers, this app personalized recommendations curated products list and seamless shoping experience make finding your perfect match a breeze___",Kult E-commerce,2024-07-16,"('N/A', 'N/A')"
Rajan Kumar,5,14 July 2024,Kult makeup app is a game changer for beauty lovers and the apps powerfull Al technology offers a personalized recommendations___,Kult E-commerce,2024-07-16,"('N/A', 'N/A')"
Rajeev Kumar,5,13 July 2024,Sometimes the hardest part of achieve success is staying focused on your goals deposite . It has a user friendly interface . ___,Kult E-commerce,2024-07-16,"('N/A', 'N/A')"
Aliya Khan,5,13 July 2024,"This is the best hookup app out there for finding like- minded people, thus I strongly urge anyone looking for one to use it__",Kult E-commerce,2024-07-16,"('N/A', 'N/A')"
SADHANA Singh,5,12 July 2024,Girlss get your precious makeup at affordable prices. Product quality is A1 really like this app very much___,Kult E-commerce,2024-07-16,"('N/A', 'N/A')"
Sai Ramakanth,5,12 July 2024,"Kult is Very amazing and rare application, kult application is so adorable like a shopping everything that you want..",Kult E-commerce,2024-07-16,"('N/A', 'N/A')"
Parbhat KUMAR,5,12 July 2024,"This application is very good ,this app accurate and enjoyable app _ _ _",Kult E-commerce,2024-07-16,"('N/A', 'N/A')"
sasmitanayak sasmita,5,12 July 2024,Kult_ Makeup and beauty shopping aap is very useful aap for everyone who wants to looking beautiful and stylish.. it's a trusted aap also helpful for beautiful ladies___,Kult E-commerce,2024-07-16,"('N/A', 'N/A')"
Ankita Boro,5,10 July 2024,Kult makeup application is a good_,Kult E-commerce,2024-07-12,"('N/A', 'N/A')"
Sunny Choubey,5,10 July 2024,Kult is a very good and wonderful app for online beauty shopping products where you can find multiple options__,Kult E-commerce,2024-07-10,"('N/A', 'N/A')"
Shivalika sorabh singh Rathore,5,10 July 2024,Very useful app shopping for new generation. Kult has a clean interface and provides all necessary items you want. . Highly recommend. __,Kult E-commerce,2024-07-10,"('N/A', 'N/A')"
Abj Jwjwj,5,10 July 2024,"Best place for shopping makeup and beauty items,At reasonable price all variaties and Best products___",Kult E-commerce,2024-07-10,"('N/A', 'N/A')"
Sabba Queen,5,9 July 2024,Kuti Makeup And Beauty shopping it is the very good amazing application of girls makeup use so please download this app and use it __,Kult E-commerce,2024-07-10,"('N/A', 'N/A')"
Afroj Ansari,5,9 July 2024,Kuti Makeup And Beauty shopping it is the very best application of girls makeup use so please download __,Kult E-commerce,2024-07-10,"('N/A', 'N/A')"
Nosad Ansari,5,9 July 2024,Kult Makeup And Beauty shopping it is very nice application of girl makeup use so please download this app and use it __,Kult E-commerce,2024-07-10,"('N/A', 'N/A')"
Sahil Ansari,5,9 July 2024,Kuti Makeup And Beauty shopping it is the very very best application of girls makeup use so please download this app and use it __,Kult E-commerce,2024-07-10,"('N/A', 'N/A')"
Md Ibran,5,9 July 2024,Kuti Makeup And Beauty shopping it is the very amazing application of girls makeup use so please download this app and use it _ _,Kult E-commerce,2024-07-10,"('N/A', 'N/A')"
Sahbaj Ansari,5,9 July 2024,Kuti Makeup And Beauty shopping it is the very amezing app of girls makeup use so please download this app and use it __,Kult E-commerce,2024-07-10,"('N/A', 'N/A')"
Anish Ansari,5,9 July 2024,Kuti Makeup And Beauty shopping it is the very very best and amazing application of girls makeup use so please download this app and use it __,Kult E-commerce,2024-07-10,"('N/A', 'N/A')"
Anish Ansari,5,9 July 2024,Kuti Makeup And Beauty shopping it is the very best application of girls makeup use so please download this app and use it __,Kult E-commerce,2024-07-10,"('N/A', 'N/A')"
Bk Arora,5,8 July 2024,Fantastic beauty shopping app easy to use and smooth experience also it has a user friendly interface must try once____,Kult E-commerce,2024-07-09,"('N/A', 'N/A')"
Sintu X 39,5,8 July 2024,This app is very easy to use you can try this app once ____,Kult E-commerce,2024-07-09,"('N/A', 'N/A')"
Muzzafar Hussain,5,8 July 2024,Fantastic app with intuitive design and seamless functionality. Highly recommend for anyone looking to streamline their daily tasks____,Kult E-commerce,2024-07-09,"('N/A', 'N/A')"
Sakshi Barhok,5,8 July 2024,My Personal experience is great the app itself is well-designed and runs smoothly. It‚Äôs pretty solid application for makeup products shopping loved it____,Kult E-commerce,2024-07-09,"('N/A', 'N/A')"
naman arora,5,8 July 2024,Very Nice I am using this app from last 1 year and experience is very fantastic amazing app for beauty shoping____,Kult E-commerce,2024-07-09,"('N/A', 'N/A')"
Rajesh bisoi,5,7 July 2024,"Kult Makeup is a game-changer for anyone who loves experimenting with makeup! The app's AI-powered features make finding the perfect products a breeze, and the curated content from beauty experts is incredibly helpful. Whether you're a makeup newbie or a seasoned pro, Kult is a must-download for your beauty journey.__",Kult E-commerce,2024-07-09,2 people found this review helpful
Anuptiwari,5,7 July 2024,"Kult Beauty is a game-changer for makeup lovers! Their app offers an amazing selection of curated brands, personalized recommendations, and exclusive deals. It's a one-stop shop for discovering new products and building your perfect makeup collection._",Kult E-commerce,2024-07-09,"('N/A', 'N/A')"
Shruti Nigam,5,7 July 2024,"Kult is a game-changer for makeup lovers! The app's personalized recommendations, curated product lists, and seamless shopping experience make finding your perfect match a breeze. It's like having a personal makeup artist in your pocket, only without the hefty price tag. ‚úåÔ∏è",Kult E-commerce,2024-07-09,1 person found this review helpful
Anil Kumar,5,7 July 2024,"Kult Beauty is a must-have for makeup lovers! The app's sleek interface and curated selection of brands make finding your perfect products a breeze. With personalized recommendations and exclusive deals, Kult Beauty is a game changer for your makeup routine. ‚úåÔ∏è",Kult E-commerce,2024-07-09,"('N/A', 'N/A')"
Tasneem,5,7 July 2024,"Kult Beauty is a game-changer for makeup lovers! With curated brands and personalized recommendations, it's like having a beauty expert in your pocket. The user-friendly interface and fast shipping make it a must-have for anyone looking to elevate their makeup game.‚úåÔ∏è",Kult E-commerce,2024-07-09,"('N/A', 'N/A')"
Deepak Yadav,5,7 July 2024,"Kult Makeup app is a game-changer for beauty lovers! The curated selection of high-quality products and personalized recommendations make finding your perfect match effortless. Add in the seamless shopping experience and convenient delivery options, and you have a beauty app that truly delivers. ‚úåÔ∏è",Kult E-commerce,2024-07-09,"('N/A', 'N/A')"
Krishna Kumar,5,7 July 2024,"Kult Makeup is a game-changer for beauty lovers! The app's powerful AI technology offers personalized recommendations and flawless virtual try-ons, making finding the perfect products a breeze. With its user-friendly interface and vast product library, Kult Makeup is a must-have for anyone looking to elevate their makeup game. ‚úåÔ∏è",Kult E-commerce,2024-07-09,3 people found this review helpful
Simaran Khatoon,5,6 July 2024,Really such an amazing app totally worthful and trustworthy I would love to recommend this app__,Kult E-commerce,2024-07-09,"('N/A', 'N/A')"
Ahad Jama,5,6 July 2024,Amazing and useful app. I would like to recommend this app__,Kult E-commerce,2024-07-09,"('N/A', 'N/A')"
Fiza Khan,5,6 July 2024,It is one of the informative app for skin care and has nice experience_ _,Kult E-commerce,2024-07-09,"('N/A', 'N/A')"
Zara,5,6 July 2024,it is soo easy to find good beauty products. Absolute game changer for ppl who are makeup enthusiast__,Kult E-commerce,2024-07-09,"('N/A', 'N/A')"
Priyanka Gupta,5,6 July 2024,"Cult App offers a fantastic range of makeup and beauty products. The interface is sleek, making shopping a breeze. Customer service is top-notch too! ___",Kult E-commerce,2024-07-09,"('N/A', 'N/A')"
Sahil Sharma,5,5 July 2024,"As a makeup enthusiast, Cult App is a dream come true. They stock everything from skincare to makeup tools, all from trusted brands. Never disappointed! ___",Kult E-commerce,2024-07-09,"('N/A', 'N/A')"
Mister Pandit,5,5 July 2024,"Impressed with the range of products on Cult App. Whether I need a staple or want to try something new, they have it all. Shopping made enjoyable! ___",Kult E-commerce,2024-07-09,"('N/A', 'N/A')"
Anil Sharma,5,5 July 2024,"Shopping on Cult App is addictive in the best way possible. The app layout is intuitive, and their product reviews are helpful. Always a great experience! ___",Kult E-commerce,2024-07-09,"('N/A', 'N/A')"
Priya Sharma,5,5 July 2024,"Cult App is my go-to for makeup shopping. The app is user-friendly, and they often have exclusive deals. Shopping here is always a treat! ___",Kult E-commerce,2024-07-09,"('N/A', 'N/A')"
AKASH BAIGA,5,5 July 2024,"Love shopping on Cult App! They have all the latest makeup trends and brands I adore. Shipping is fast, and the packaging is always impeccable. ___",Kult E-commerce,2024-07-09,"('N/A', 'N/A')"
Arpit k pachauri,5,5 July 2024,"Discovering new beauty essentials is so easy with Cult App. Their curated collections are on point, and I always find something special. Highly recommend! ___",Kult E-commerce,2024-07-09,"('N/A', 'N/A')"
Himanshu kumar,5,4 July 2024,I am very happy with this app my expectations are super passed not only makeup but very wide range of high quality cosmetics are available very user friendly interface___,Kult E-commerce,2024-07-09,"('N/A', 'N/A')"
Wasim Rock,5,4 July 2024,This is Very most important thing is that is the very best application ___,Kult E-commerce,2024-07-09,"('N/A', 'N/A')"
Abhi Aashu,5,4 July 2024,"I've been using Beauty Kult for a few months now, and it's amazing! The personalized recommendations have introduced me to new products that suit my skin perfectly. The app is intuitive and offers great tips and tricks. Can't imagine my beauty routine without it___",Kult E-commerce,2024-07-09,"('N/A', 'N/A')"
Adarsh Sinha,5,4 July 2024,This application is New app Play Store in market very much this application ___,Kult E-commerce,2024-07-09,"('N/A', 'N/A')"
Prince Raj,5,4 July 2024,This is very important application app work and beautiful so nice app work and beautiful so nice app work and beautiful so nice app work and beautiful _ _ _,Kult E-commerce,2024-07-09,"('N/A', 'N/A')"
Himanshu Kumar,5,4 July 2024,Impressed with Kult's interface and how intuitive it is to navigate. Perfect for anyone looking to upgrade their beauty routine___,Kult E-commerce,2024-07-09,"('N/A', 'N/A')"
Rajputna Singh,5,4 July 2024,This application is very good and useful ___,Kult E-commerce,2024-07-09,"('N/A', 'N/A')"
Deepanshu Kumar,5,4 July 2024,This application Was Sooo Amazing and Very Useful And Helping application ___,Kult E-commerce,2024-07-09,"('N/A', 'N/A')"
Sazida Tabassum,5,4 July 2024,"Kult makes finding the right skincare and beauty regimen easier than ever. We do the behind-the-scenes heavy lifting, ___",Kult E-commerce,2024-07-09,"('N/A', 'N/A')"
Rahul Chaudhary,5,4 July 2024,beauty regimen easier than ever. We do the behind-the-scenes heavy ___,Kult E-commerce,2024-07-09,"('N/A', 'N/A')"
Sushant Gupta,5,4 July 2024,Kult makes finding the right skincare and beauty regimen easier than ever ___,Kult E-commerce,2024-07-09,"('N/A', 'N/A')"
Afsana Bano,5,4 July 2024,Kult makes finding the right skincare and beauty regimen easier than ever. ___,Kult E-commerce,2024-07-09,"('N/A', 'N/A')"
Pankaj Nanda,5,3 July 2024,Great app for beauty lovera i used kult more than 1 week it gives best result definitely recommend _____,Kult E-commerce,2024-07-09,"('N/A', 'N/A')"
Suhail Khan Khan,5,3 July 2024,Investment and you are not a bad mood today is my favorite thing in life that is the only person who you talking bout u but I'm going to get to the _____,Kult E-commerce,2024-07-09,"('N/A', 'N/A')"
Priya Malpani,5,3 July 2024,"Kult is the best shopping app due to its customer friendly features that tell us the kult score about a product whether it will suit me ,and packing very nicely packed, very useful app, all makeup products very nice and quality best product ___",Kult E-commerce,2024-07-09,"('N/A', 'N/A')"
Himanshu Gupta,5,3 July 2024,Kult makeup beauty shopping app with a nice app to get up very nice product for a beauty and make-up kit and many more products ____,Kult E-commerce,2024-07-09,"('N/A', 'N/A')"
Mosabir Mondal,5,3 July 2024,"This is a very good app, I like it very much. You will like it too. I love kult____",Kult E-commerce,2024-07-09,"('N/A', 'N/A')"
abdul Ahmed,5,3 July 2024,I love how beauty provides personalized beauty tips based on my preferences. The daily articles are informative and keep me updated on the latest trends. The app has definitely improved my skin care routine. Highly recommend.,Kult E-commerce,2024-07-09,"('N/A', 'N/A')"
Dayyan Shaikh,5,3 July 2024,I love how beauty kult provided personzlion beauty on my preference the daily articales are more important things highly recommend ____,Kult E-commerce,2024-07-09,"('N/A', 'N/A')"
Sk safiul Islam,5,3 July 2024,Very good quality thip app shop near me and I will be happy to hear that you are ami ki korbo na tr keu relative to the world to me and ___,Kult E-commerce,2024-07-09,"('N/A', 'N/A')"
Anjali Gupta,5,2 July 2024,It is one of the informative app for skincare and has nice experience ____,Kult E-commerce,2024-07-09,"('N/A', 'N/A')"
Shivani Gupta__,5,2 July 2024,Really such an amazing app totally worthful and trustworthy I would love to recommend this app ____,Kult E-commerce,2024-07-09,"('N/A', 'N/A')"
Priya Gupta,5,2 July 2024,Amazing and useful app . I would like to recommend this app ___,Kult E-commerce,2024-07-09,"('N/A', 'N/A')"
Chhotu Kumar,5,1 July 2024,This is very useful application best working app and nice app ___,Kult E-commerce,2024-07-09,1 person found this review helpful
Komal Kumari,5,1 July 2024,I am so happy this app is very useful application best working app and good working app ___,Kult E-commerce,2024-07-09,1 person found this review helpful
Mamta Kumari,5,1 July 2024,The app's ability to get application best working app and nice app kul makeup app's ___,Kult E-commerce,2024-07-09,1 person found this review helpful
Chandan Kumar,5,1 July 2024,Fantastic beauty shoping app easy to use and smooth ___,Kult E-commerce,2024-07-09,1 person found this review helpful
Shahzad Shaikh,5,30 June 2024,"Good Product Available on this app, Cosmetics product app___",Kult E-commerce,2024-07-09,"('N/A', 'N/A')"
Abdul Kaif,5,30 June 2024,It's amazing app I am always use this app and shop here product _____,Kult E-commerce,2024-07-09,"('N/A', 'N/A')"
Shahzad Sheikh,5,30 June 2024,Kult is the best app for makeup and beauty products shoping app___,Kult E-commerce,2024-07-09,"('N/A', 'N/A')"
Shekh Shahbaz,5,30 June 2024,this is amazing app best makeup and beauty products app ____,Kult E-commerce,2024-07-09,"('N/A', 'N/A')"
Alfiya Khatoon,5,30 June 2024,Some day to use this app his amazing app beauty products is very lown prise purses in this app ____,Kult E-commerce,2024-07-09,"('N/A', 'N/A')"
Abushad Shaikh,5,30 June 2024,Wow I am surprised this app because shopping here products is very easy _____,Kult E-commerce,2024-07-09,"('N/A', 'N/A')"
Mohammad Faisal,5,30 June 2024,This is amazing app for shopping beauty products great app _____,Kult E-commerce,2024-07-09,"('N/A', 'N/A')"
Islam Khan,5,29 June 2024,I appreciate how Kult takes care of the behind-the-scenes work. It makes maintaining a skincare routine so much easier__,Kult E-commerce,2024-07-09,"('N/A', 'N/A')"
Shivani Singh,5,29 June 2024,"Finally, an app that takes the guesswork out of skincare. Kult does all the research for you__",Kult E-commerce,2024-07-09,"('N/A', 'N/A')"
Hema Singh,5,29 June 2024,Kult has transformed my skincare routine! I love how easy it is to find the perfect products for my skin type__,Kult E-commerce,2024-07-09,"('N/A', 'N/A')"
MD Imran,5,29 June 2024,"Kult has made my beauty regimen stress-free. The recommendations are spot on, and I love the convenience__",Kult E-commerce,2024-07-09,"('N/A', 'N/A')"
Adi Thakur,5,29 June 2024,"Kult is a game-changer! It simplifies the process of choosing the right beauty regimen, so I can focus on feeling confident__",Kult E-commerce,2024-07-09,"('N/A', 'N/A')"
Thakur Ji,5,29 June 2024,The app's personalized approach to skincare is fantastic. Kult helps me put my best face forward every day__,Kult E-commerce,2024-07-09,"('N/A', 'N/A')"
GOWRI PRIYA,1,29 June 2024,Very expensive app.,Kult E-commerce,2024-07-10,"('N/A', 'N/A')"
Nikhil Kumar,5,28 June 2024,Sometimes the hardest part of achieving success is staying focused on your goals despite distractions and setbacks__,Kult E-commerce,2024-07-09,"('N/A', 'N/A')"
chandra shekhar,5,28 June 2024,"For anyone looking to revamp their skincare routine with confidence, Kult is a trustworthy ally. Their tailored approach ensures you're investing in products that work__",Kult E-commerce,2024-07-09,"('N/A', 'N/A')"
Mohit Kumar,5,28 June 2024,Their commitment to quality and innovation shines through in every product they recommend. Kult truly prioritizes both efficacy and safety in skincare__,Kult E-commerce,2024-07-09,"('N/A', 'N/A')"
Aman Kumar,5,28 June 2024,"Navigating the world of skincare can be overwhelming, but Kult makes it easier by offering a seamless shopping experience and valuable insights into product benefits__",Kult E-commerce,2024-07-09,"('N/A', 'N/A')"
Rishabh Bhai,5,28 June 2024,Kult's approach to skincare and beauty is refreshing‚Äîthey take the guesswork out of finding the right products. It's like having a personal beauty advisor who understands your skin's needs__,Kult E-commerce,2024-07-09,"('N/A', 'N/A')"
Sandeep Kumar,5,28 June 2024,I've found Kult's recommendations to be spot-on for my skincare journey. They've helped me discover products that have made a noticeable difference in my skin's health__,Kult E-commerce,2024-07-09,"('N/A', 'N/A')"
NEETESH Sharma,5,27 June 2024,I'm so impressed with Kult's service. The detailed analysis and customized product suggestions have elevated my skincare routine__,Kult E-commerce,2024-07-09,"('N/A', 'N/A')"
boby saini,5,27 June 2024,"Using Kult has been a delightful experience. Their recommendations are spot-on, and I love the convenience of having everything curated for me__",Kult E-commerce,2024-07-09,"('N/A', 'N/A')"
Sumit Kumar,5,27 June 2024,"I've struggled for years to find the right products, but Kult made it so simple. Their expertise takes the guesswork out of skincare. I'm thrilled with the results and the confidence boost it brings__",Kult E-commerce,2024-07-09,1 person found this review helpful
Anuj Kumar,5,27 June 2024,Kult has completely transformed my skincare routine! Their personalized recommendations save me so much time and my skin has never looked better__,Kult E-commerce,2024-07-09,"('N/A', 'N/A')"
Shivam Saini,5,27 June 2024,"Thanks to Kult, I no longer feel overwhelmed by the endless skincare options out there. They do all the hard work, and I get to enjoy the benefits__",Kult E-commerce,2024-07-09,"('N/A', 'N/A')"
ADESH Kumar,5,27 June 2024,Kult's personalized regimen has made such a difference for me. Their expert guidance ensures I use the best products for my skin type. It's like having a personal skincare consultant at my fingertips__,Kult E-commerce,2024-07-09,"('N/A', 'N/A')"
Ramji,5,27 June 2024,"Kult's service is a game-changer! I appreciate their thorough analysis and tailored suggestions. My skin is finally getting the care it needs, and the improvement is remarkable__",Kult E-commerce,2024-07-09,"('N/A', 'N/A')"
Redmi Y2,5,26 June 2024,"I've tried several beauty apps, but this one stands out. The interface is user-friendly, and the content is consistently updated with the latest trends.",Kult E-commerce,2024-07-09,"('N/A', 'N/A')"
rajkapoor Verma,5,26 June 2024,"Fantastic app! The tutorials are easy to follow, and I love the product recommendations. It's helped me discover new brands and products I now can't live without.__",Kult E-commerce,2024-07-09,"('N/A', 'N/A')"
Sneha Sharma,5,26 June 2024,This app is a lifesaver for my skincare routine. The personalized recommendations have made a huge difference. The community section is also very supportive and inspiring.__,Kult E-commerce,2024-07-09,"('N/A', 'N/A')"
Roger Realty,5,26 June 2024,"The variety of content is amazing! From makeup tips to skincare routines, this app has everything I need. The video quality is top-notch too!__",Kult E-commerce,2024-07-09,"('N/A', 'N/A')"
Chandni Das,5,26 June 2024,Great app for beauty enthusiasts! The step-by-step guides are very detailed and easy to follow. It's my go-to for learning new makeup techniques.,Kult E-commerce,2024-07-09,"('N/A', 'N/A')"
Prachi Kadam,5,26 June 2024,"Highly recommend this app to anyone passionate about beauty. The tutorials are clear, and the community is great for getting feedback and tips. Definitely a must-have!__",Kult E-commerce,2024-07-09,"('N/A', 'N/A')"
Javed Khan,5,25 June 2024,"Beauty Kult is my go-to app for all things beauty. The community is supportive, and the content is rich and diverse. I appreciate the honest reviews and the ability to track my favorite products. This app has revolutionized my beauty regimen!",Kult E-commerce,2024-07-09,"('N/A', 'N/A')"
Potato Yeager,5,25 June 2024,"Fantastic app for beauty enthusiasts! Beauty Kult has a vast range of products with detailed reviews that help me make informed decisions. The app's design is sleek and user-friendly, making browsing a pleasure. A must-have for anyone into beauty products.""",Kult E-commerce,2024-07-09,"('N/A', 'N/A')"
Vansh Sharma,5,25 June 2024,"I've been using Beauty Kult for a few months now, and it's amazing! The personalized recommendations have introduced me to new products that suit my skin perfectly. The app is intuitive and offers great tips and tricks. Can't imagine my beauty routine without it!",Kult E-commerce,2024-07-09,1 person found this review helpful
Ashok Bhawnani,5,25 June 2024,"""I love how Beauty Kult provides personalized beauty tips based on my preferences. The daily articles are informative and keep me updated on the latest trends. The app has definitely improved my skincare routine. Highly recommend!",Kult E-commerce,2024-07-09,1 person found this review helpful
two side gamer,5,25 June 2024,The app's ability to calculate different loan scenarios has been invaluable for my financial planning. It's a must-have tool for anyone with loans.,Kult E-commerce,2024-07-09,"('N/A', 'N/A')"
Nisha Behrani,5,25 June 2024,"Beauty Kult stands out with its comprehensive product reviews and beauty tips. The community feedback is incredibly helpful, and the app's layout makes it easy to find what I'm looking for. It's become an essential part of my daily routine.",Kult E-commerce,2024-07-09,"('N/A', 'N/A')"
Disha Behrani,5,25 June 2024,"Beauty Kult is a game-changer! The product recommendations are spot on, and the community is so helpful. I've discovered so many new brands and products that I love. The user interface is clean and easy to navigate, making the whole experience enjoyable.",Kult E-commerce,2024-07-09,"('N/A', 'N/A')"
Abhishek Raja Rathore,5,24 June 2024,Highly recommend Kult if you're serious about skincare. Takes the guesswork out with its accurate recommendations.,Kult E-commerce,2024-07-09,"('N/A', 'N/A')"
Baba,5,24 June 2024,Love how Kult analyzes my skin and suggests products. It's like having a personal skincare expert in my pocket!,Kult E-commerce,2024-07-09,"('N/A', 'N/A')"
Debu Das,5,24 June 2024,"Kult app transformed my skincare routine! Easy to use, personalized recommendations that actually work.",Kult E-commerce,2024-07-09,"('N/A', 'N/A')"
bhagat singh,5,22 June 2024,Its a beauty product along with make up kit with good rate. Get sort glorious skin.,Kult E-commerce,2024-07-09,"('N/A', 'N/A')"
Sayan Dutta,5,22 June 2024,"There are so many bad comments, but guys, give it a chance. I'm ordering a Cosrx Sanil Mucin on April 1 and getting my order on April 4... Before ordering, I'm a little bit scared, but after receiving it, I'm really satisfied, and the packaging, OMG, wow, I've never seen such cute packaging ever. The Kult app is so underrated... But only one thing is bothering me: they said they give freebies on orders above 500, but I've not received any kind of freebie on order 790. But it's ok",Kult E-commerce,2024-07-09,3 people found this review helpful
Jay Nigam,5,22 June 2024,Experience is super of this app. All information are very real and good.very easy and friendly to use,Kult E-commerce,2024-07-09,"('N/A', 'N/A')"
Mohd Aliyan,5,21 June 2024,"Kult is a fantastic app for all beauty enthusiasts! The range of makeup and beauty products is impressive, and the prices are competitive. The user interface is sleek and easy to navigate, making shopping a breeze. Plus, the customer service is top-notch. Highly recommend for all your beauty needs!",Kult E-commerce,2024-07-09,"('N/A', 'N/A')"
Pratima,5,21 June 2024,"""I can't get enough of this makeup app! It's like having a virtual beauty closet where I can test out all the latest trends without any commitment.""",Kult E-commerce,2024-07-09,"('N/A', 'N/A')"
Huzaif Shah,5,21 June 2024,I am very happy with this app my expectations are super passed.,Kult E-commerce,2024-07-09,"('N/A', 'N/A')"
Ravi Bhalerao,5,21 June 2024,Kult is a game-changer when it comes to skincare and beauty. Their curated selection of products takes the guesswork out of finding the right regimen for your skin type.,Kult E-commerce,2024-07-09,"('N/A', 'N/A')"
Gaurav Mishra,5,21 June 2024,One of the biggest benefits of Kult make-up and beauty shopping is the wide variety of products available. From high-end brands to drugstore options,Kult E-commerce,2024-07-09,"('N/A', 'N/A')"
ARSALAN GAMER FF,5,21 June 2024,"Just Makeup provides a wide range of high-quality cosmetics, catering to all skin tones and types",Kult E-commerce,2024-07-09,"('N/A', 'N/A')"
Mintu Sk,5,20 June 2024,The app is very useful and best I have a very good experience using this app,Kult E-commerce,2024-07-09,"('N/A', 'N/A')"
Hemant Kumar,5,20 June 2024,Really this app is very useful and best app with google play store best and excellent app I will recommend it,Kult E-commerce,2024-07-09,"('N/A', 'N/A')"
Ashish Sharma,5,20 June 2024,I have a very good experience using the app I feel satisfied using this app,Kult E-commerce,2024-07-09,"('N/A', 'N/A')"
Ankita Maina,5,19 June 2024,Good application,Kult E-commerce,2024-07-09,"('N/A', 'N/A')"
Kajal Chawda,5,19 June 2024,I am very happy with this app my expectations are super passed not only makeup but very wide range of high quality cosmetics are available very user friendly interface.,Kult E-commerce,2024-07-09,3 people found this review helpful
Nitin Manohar,5,19 June 2024,Its a beauty product along with make up kit with good rate . Get Sort glorious skin .,Kult E-commerce,2024-07-09,"('N/A', 'N/A')"
Abdul Khan,5,19 June 2024,It is an amazing application. I am extremely happy with my purchase. They have such a cute packaging. No other platform gives such an amazing packaging. Please restock. People are waiting to buy more from Kult. Give us opportunity to make new purchases. I am certain that I am going to make more purchases from Kult. Above all the customer support team is extremely helpful,Kult E-commerce,2024-07-09,"('N/A', 'N/A')"
Tejasvi Autade,5,19 June 2024,This app is very helpful all products are amazing,Kult E-commerce,2024-07-10,"('N/A', 'N/A')"
Mahima Srivastav,5,18 June 2024,I've discovered some amazing new makeup brands and products that have become staples in my routine.,Kult E-commerce,2024-07-10,"('N/A', 'N/A')"
Hima Shah,5,18 June 2024,Navigating the Kult Makeup Beauty app is a breeze! It's truly designed with makeup lovers in mind.,Kult E-commerce,2024-07-10,"('N/A', 'N/A')"
Md Farhan Raza,5,18 June 2024,This is best app for buying beauty and cosmetics products at very good prices,Kult E-commerce,2024-07-10,"('N/A', 'N/A')"
Rupesh Kumar,5,17 June 2024,App is best app and mst app,Kult E-commerce,2024-07-10,"('N/A', 'N/A')"
S√∫r√†j K√∫m√†r √±.k pr√†j√†p√†t√≠,5,17 June 2024,app is best app and mst app and useful app,Kult E-commerce,2024-07-10,"('N/A', 'N/A')"
sumit Raj,5,17 June 2024,This app is very good and good app,Kult E-commerce,2024-07-10,"('N/A', 'N/A')"
Rohit prajapati,5,17 June 2024,App is the best important app for important app for important app for,Kult E-commerce,2024-07-10,"('N/A', 'N/A')"
Ramesh Pandit,5,17 June 2024,App is best and mast app hai,Kult E-commerce,2024-07-10,"('N/A', 'N/A')"
Pritam Prajapati,5,17 June 2024,Kult makeup aap is very good aap and working very well it is useful aap for modern life he is best application for you,Kult E-commerce,2024-07-10,"('N/A', 'N/A')"
Suraj Kumar,5,17 June 2024,Application for the best Nad very useful,Kult E-commerce,2024-07-10,"('N/A', 'N/A')"
Rahul Kumar,5,17 June 2024,Kult makeup beaut app is the best app and very nice app for application app and useful app,Kult E-commerce,2024-07-10,"('N/A', 'N/A')"
mohit Singh,5,17 June 2024,This application is very very good application,Kult E-commerce,2024-07-10,"('N/A', 'N/A')"
Ganga Singh,5,16 June 2024,Navigating Kult makeup app is smooth. Great deals expert advice and a wide range of products cater to every beauty need,Kult E-commerce,2024-07-10,"('N/A', 'N/A')"
manshi singh,5,16 June 2024,"Kult app offers an intuitive interface and effective workout plans, making fitness tracking simple and engaging. Highly recommended",Kult E-commerce,2024-07-10,"('N/A', 'N/A')"
Vivek Singh,5,16 June 2024,"Kult app excels with its user-friendly interface, diverse workout plans, and motivational features, enhancing fitness routines effectively.",Kult E-commerce,2024-07-10,"('N/A', 'N/A')"
Nityam Singh,5,16 June 2024,Kult beauty app is my beauty bible. Reliable reviews timely updates and exclusive launches keep me coming back for more,Kult E-commerce,2024-07-10,"('N/A', 'N/A')"
agam shukla,5,16 June 2024,Nyc app and very special features and functions,Kult E-commerce,2024-07-10,"('N/A', 'N/A')"
vivek patel,5,16 June 2024,Kult makeup app offers top notch products. Easy browsing helpful reviews and quick delivery make shopping for beauty essentials a breeze,Kult E-commerce,2024-07-10,"('N/A', 'N/A')"
Ankit Mishra,5,16 June 2024,Kult beauty app keeps my routine fresh. Discovering new brands and trends has never been easier or more enjoyable,Kult E-commerce,2024-07-10,"('N/A', 'N/A')"
ABHISHEK Shubham,5,16 June 2024,Finding gems on Kult beauty app is effortless. From skincare to makeup its my go to for quality and variety,Kult E-commerce,2024-07-10,"('N/A', 'N/A')"
Madhumoy Das,5,15 June 2024,"I like this app very much but they should expand their stock and mainly Korean beauty products like anua,the face shop etc and they should restock quickly because we are waiting patiently to buy that products once more I request kult to please launch more Korean skin care brand's Thank you Love love",Kult E-commerce,2024-07-10,"('N/A', 'N/A')"
SUBHOJEET SETH,5,15 June 2024,Recently received my first purchase from them and the packing was so cute. My product came in a very fancy looking purple box that closes with a magnet. I also received a freebie. I would purchase from Kult again and again.,Kult E-commerce,2024-07-10,"('N/A', 'N/A')"
Sowmay Shree,5,14 June 2024,Best app for self makeup,Kult E-commerce,2024-06-15,"('N/A', 'N/A')"
Manish Solanki,5,14 June 2024,Kult is amazing makeup and beauty shopping app this app products quality is so amazing I always use this app this app highly recommended and its service best,Kult E-commerce,2024-06-15,"('N/A', 'N/A')"
Mahindra singh Hemanth dhoni7,5,14 June 2024,Very good app ever.hifhly recommend to download.,Kult E-commerce,2024-06-15,"('N/A', 'N/A')"
Krishan Dev,5,14 June 2024,Amazing app to shop for makeup/beauty products.,Kult E-commerce,2024-06-15,"('N/A', 'N/A')"
Arpit Mishra,5,13 June 2024,This is absolutely best application,Kult E-commerce,2024-06-15,"('N/A', 'N/A')"
Aman Tiwari,5,13 June 2024,Bhut hi badiya application makeup ke liye,Kult E-commerce,2024-06-15,"('N/A', 'N/A')"
Shivam tiwari shibhu,5,13 June 2024,This is very best application,Kult E-commerce,2024-06-15,"('N/A', 'N/A')"
Pukhraj Nahata,5,13 June 2024,"Exceptional app! From the product variety to the easy navigation, Kult Beauty has nailed it. Highly impressed with the service!",Kult E-commerce,2024-06-15,"('N/A', 'N/A')"
Shubham Khemka,5,13 June 2024,"I've been using the Kult app for a few months now, and it has quickly become my go-to for all things beauty and skincare. The app is incredibly user-friendly and beautifully designed, making it easy to navigate through the vast selection of products.",Kult E-commerce,2024-06-15,"('N/A', 'N/A')"
Madhu Nahata,5,13 June 2024,"Best beauty app! With its extensive range and user-friendly interface, the Kult Beauty app has become my go-to for skincare and makeup.",Kult E-commerce,2024-06-15,"('N/A', 'N/A')"
R N,5,13 June 2024,"The Kult Beauty app is fantastic! It‚Äôs incredibly easy to use, and the product selection is amazing. I love the personalized recommendations and the detailed product information. Highly recommended! üòä",Kult E-commerce,2024-06-15,"('N/A', 'N/A')"
Sumit Gupta,5,13 June 2024,Bhut hi useful application hai,Kult E-commerce,2024-06-15,"('N/A', 'N/A')"
sushma Tiwari,5,13 June 2024,It's very best and superb application,Kult E-commerce,2024-06-15,"('N/A', 'N/A')"
Shubham Tiwari,5,13 June 2024,Super application it's very osm and best application,Kult E-commerce,2024-06-15,"('N/A', 'N/A')"
Sumitraa Mishra,5,13 June 2024,My using experience is so good and best application,Kult E-commerce,2024-06-15,"('N/A', 'N/A')"
Soni Amul,5,13 June 2024,I recommend this application this application provide good and best service,Kult E-commerce,2024-06-15,"('N/A', 'N/A')"
Arhan Khan,2,12 June 2024,I waited too long for product beauty of jhonson restock but it never restock.,Kult E-commerce,2024-06-15,"('N/A', 'N/A')"
Moirangthem Bidyapati,1,12 June 2024,Can't even start the app,Kult E-commerce,2024-06-12,"('N/A', 'N/A')"
Golu Kumar,5,11 June 2024,Kult makes finding the right skincare and beauty regimen easier than ever and very interesting app,Kult E-commerce,2024-06-12,"('N/A', 'N/A')"
Kashish Khatri,5,11 June 2024,best qualityof makeup product are available at very reasonable price best makeup app,Kult E-commerce,2024-06-12,"('N/A', 'N/A')"
Sanjay Khatri,5,11 June 2024,The checkout process is quick and hassle-free. Multiple payment options and secure transactions make,Kult E-commerce,2024-06-12,"('N/A', 'N/A')"
Vanshika saryani,5,11 June 2024,Great Deals and Discounts I love the frequently sales and exclusive discounts availableon app.,Kult E-commerce,2024-06-12,"('N/A', 'N/A')"
Golu Panjwani,5,11 June 2024,"My orders always arrive on time, and the packaging is secure and beautiful. The app's delivery service is top-notch, making it my go-to for all makeup purchases.",Kult E-commerce,2024-06-12,"('N/A', 'N/A')"
Gaurav,5,11 June 2024,"Very nice app for girls, must download this and shop your favorite makeup & beauty products with Kult",Kult E-commerce,2024-06-12,"('N/A', 'N/A')"
Neeta Arur,5,11 June 2024,It is an amazing application. I am extremely happy with my purchase. They have such a cute packaging. No other platform gives such an amazing packaging. Please restock. People are waiting to buy more from Kult. Give us opportunity to make new purchases. I am certain that I am going to make more purchases from Kult. Above all the customer support team is extremely helpful üëè üëç,Kult E-commerce,2024-06-11,7 people found this review helpful
The Hero,5,11 June 2024,"Kult simplifies makeup shopping with its intuitive interface, extensive product range, and helpful tutorials. A must-have for beauty enthusiasts!",Kult E-commerce,2024-06-11,"('N/A', 'N/A')"
Ashish Kumar,5,10 June 2024,This application interesting application and very very fast service application,Kult E-commerce,2024-06-11,"('N/A', 'N/A')"
Priyanshu Saini,5,10 June 2024,Kault make up application is the best applications..,Kult E-commerce,2024-06-11,"('N/A', 'N/A')"
Krti Singh,5,10 June 2024,Application is the very very interesting application this application beauty application,Kult E-commerce,2024-06-11,"('N/A', 'N/A')"
Piyush Pandey,5,10 June 2024,This application is very very makeup application and very good,Kult E-commerce,2024-06-11,"('N/A', 'N/A')"
Prince Pandey,5,10 June 2024,Kault to application is the very very interesting application and very nice service,Kult E-commerce,2024-06-11,"('N/A', 'N/A')"
Ananya Baunthiyal,2,9 June 2024,The app is just horrible. It crashes and it's almost impossible to watch any video since the visual doesn't load while the audio continues over a white screen,Kult E-commerce,2024-06-11,3 people found this review helpful
Nitish Singh,5,9 June 2024,Kullikut application is the best application,Kult E-commerce,2024-06-11,"('N/A', 'N/A')"
Pratima Mohanty,5,9 June 2024,This aap is the best aap for ladies because of makeup and beauty shopping aap good product in high quantity and also friendly aap,Kult E-commerce,2024-06-11,"('N/A', 'N/A')"
Rishav kumar,5,8 June 2024,Convenient way to discover new beauty trends and purchase my favorite makeup items.,Kult E-commerce,2024-06-11,"('N/A', 'N/A')"
DHANESHWAR PRASAD,5,8 June 2024,Highly recommend for anyone looking for quality makeup at affordable prices.,Kult E-commerce,2024-06-08,"('N/A', 'N/A')"
Artist Shorts,5,8 June 2024,"Superb customer experience, with timely updates on order status and delivery.",Kult E-commerce,2024-06-08,"('N/A', 'N/A')"
Jaya lakshmi,5,7 June 2024,This app is user friendly and lot of makeup items is there all types of skin very good app,Kult E-commerce,2024-06-08,"('N/A', 'N/A')"
Anita Sonkar,1,7 June 2024,"They NEVER restock sold-out products like this is soo freaking annoying, I'm waiting for rom&nd and other Korean products to restock from very log but everything's just getting keep sold-out, very disappointing that I haven't taken an experience of buying products from this app yet",Kult E-commerce,2024-06-08,12 people found this review helpful
ROHIT SINGHAL,5,6 June 2024,For the women and girl who concious about quality of beauty products can download Kult -Makeup/Beauty app for girls,Kult E-commerce,2024-06-08,"('N/A', 'N/A')"
bishal sahoo,5,6 June 2024,Kult app makes finding the right skincare and beauty regimen easier than ever. We do the behind-the-scenes heavy lifting. I will satisfactied this app.,Kult E-commerce,2024-06-08,"('N/A', 'N/A')"
Murari Chhimpa,5,6 June 2024,Best aap for shopping makeup kit . Good service provider.,Kult E-commerce,2024-06-08,"('N/A', 'N/A')"
ALYAN GAMER FF,5,6 June 2024,I loved the products...idk why people have written negative comments over here but i recently came across this app through insta,Kult E-commerce,2024-06-08,"('N/A', 'N/A')"
Tanveer Alam,5,6 June 2024,Best app for beauty and makeup products it's gives very good number of variety,Kult E-commerce,2024-06-08,"('N/A', 'N/A')"
Sunanda Sinha,5,6 June 2024,I loved the products. ..all makeup brands to skincare to derma recommendations products.,Kult E-commerce,2024-06-08,"('N/A', 'N/A')"
Ak Gupta,5,5 June 2024,you can buy the best beauty products from kultur app‚úåÔ∏è,Kult E-commerce,2024-06-08,"('N/A', 'N/A')"
Madhur Bansal,5,5 June 2024,Best app for all beauty products need‚úåÔ∏è,Kult E-commerce,2024-06-08,"('N/A', 'N/A')"
Kartik Kumar,5,5 June 2024,I bought 10 beauty products from this app‚úåÔ∏è,Kult E-commerce,2024-06-08,"('N/A', 'N/A')"
Shruthi Shruthi,1,5 June 2024,Everything i was searching for went out of stock ...poor app,Kult E-commerce,2024-06-11,"('N/A', 'N/A')"
Pranav Gupta,5,5 June 2024,It provides best rate of beauty products‚úåÔ∏è,Kult E-commerce,2024-06-08,"('N/A', 'N/A')"
mamta verma,5,4 June 2024,Best shopping application if you want to shopping then obviously join the company he provided a low price with a best deal,Kult E-commerce,2024-06-04,"('N/A', 'N/A')"
Khizra Kousar,5,4 June 2024,"Yes, we sell only authentic products from verified suppliers. We take great care to ensure that our products are high quality",Kult E-commerce,2024-06-04,"('N/A', 'N/A')"
Ankita Pramanik,5,4 June 2024,Best shopping application provider best dress up and other anything I recommended to all download the application,Kult E-commerce,2024-06-04,"('N/A', 'N/A')"
Hassan Tapadar,5,4 June 2024,In this application rear item available the application provided a best deal a many time,Kult E-commerce,2024-06-04,"('N/A', 'N/A')"
DILDAR HUSSAIN LASKAR,5,4 June 2024,One of the best shopping application without any problem and great application,Kult E-commerce,2024-06-04,"('N/A', 'N/A')"
sneha chakraborty,5,4 June 2024,The app gives you time to time offers for buying products ranging from all makeup brands to skincare to derma recommendations products.,Kult E-commerce,2024-06-04,"('N/A', 'N/A')"
Itz Misba,5,4 June 2024,Offers authentic products with affordable prices. It's really nice that they have International brands with great offers. Got My first parcel and very much Happy with that. Will purchase more. 100% Recommending it to everyone.,Kult E-commerce,2024-06-04,"('N/A', 'N/A')"
Priyanka Panchal,5,3 June 2024,Kult is a good app for our skin product they ask us some questions related skin and then suggest product for our skin type,Kult E-commerce,2024-06-03,"('N/A', 'N/A')"
Summe Mansuri,5,2 June 2024,This makeup app is awesome it amazing I love using this app,Kult E-commerce,2024-06-03,"('N/A', 'N/A')"
HAWK Entertainments,5,2 June 2024,Loved the products lives upto your expectations best one in recent times,Kult E-commerce,2024-06-08,"('N/A', 'N/A')"
Ashu Tiwari,5,2 June 2024,It has a user-friendly interface.Delivery is good and products have a wide variety.,Kult E-commerce,2024-06-03,"('N/A', 'N/A')"
Anamika Babu,1,2 June 2024,I cant download tthis app in play store,Kult E-commerce,2024-06-03,"('N/A', 'N/A')"
Amaan Sheikh,5,1 June 2024,You can find the right skincare through this app...I like it.,Kult E-commerce,2024-06-03,"('N/A', 'N/A')"
Maa Aa,5,31 May 2024,One of the very best platform for buying makeup kits is this kult.,Kult E-commerce,2024-06-03,"('N/A', 'N/A')"
Mohammad atiqur Rahman,5,31 May 2024,Five star rated app for skincare products. Love to use this app,Kult E-commerce,2024-06-03,"('N/A', 'N/A')"
Md firoj Benipatti Khan betuna B,5,31 May 2024,Using it for all my cosmetics need. Very best app is this Kult for us.,Kult E-commerce,2024-06-03,"('N/A', 'N/A')"
Shanawaz Shaikh,5,31 May 2024,Very good app to purchase skin care products,Kult E-commerce,2024-06-03,"('N/A', 'N/A')"
nida iman,5,31 May 2024,"I like this app very much but they should expand their stock and mainly Korean beauty products like anua,the face shop etc and they should restock quickly because we are waiting patiently to buy that products once more I request kult to please launch more Korean skin care brand's Thank you Love love üíó",Kult E-commerce,2024-06-03,"('N/A', 'N/A')"
Najrana Khatoon,5,30 May 2024,Best for makeup and beauty products. I have been using this app after my colleagues were talking about this best app.,Kult E-commerce,2024-06-03,"('N/A', 'N/A')"
Indu Prabha Singh,5,30 May 2024,Best product available with our skin care matching needs you can get from this app very best platform for buying your skin or beauty care needs,Kult E-commerce,2024-06-03,"('N/A', 'N/A')"
Sitara Parveen,5,30 May 2024,Very good for beauty products at very best price really very nice app which helps us to choose the right product according to our skin texture.,Kult E-commerce,2024-06-03,"('N/A', 'N/A')"
Insha Singh,5,30 May 2024,Best app for makeup . It is very good for skin care.,Kult E-commerce,2024-06-03,"('N/A', 'N/A')"
Indu Saxena,5,30 May 2024,Very helpful in selecting right care for the skin. It is very nice and best thankful to it üòò love this app.,Kult E-commerce,2024-06-03,"('N/A', 'N/A')"
Rashmi Roy,3,30 May 2024,Honestly the app is really good and delivery was fine too but the only problem it needs to improve is to stock up all the products as now most of the products are out of stock and don't know when they will again be in stock ... otherwise it would have been my most favourite shopping app for real !,Kult E-commerce,2024-06-03,3 people found this review helpful
ARENSENLA JAMIR,1,30 May 2024,"Fraud app. My product is missing. I have sent numerous email, they reply that they'll look into it but till now no conclusion. It should be removed from playstore.",Kult E-commerce,2024-06-03,2 people found this review helpful
Ananya Prabhu,4,28 May 2024,PLEASE RESTOCKKK!!,Kult E-commerce,2024-06-03,"('N/A', 'N/A')"
Samra Siddiq,2,28 May 2024,The products are no longer back. What is this?,Kult E-commerce,2024-06-03,"('N/A', 'N/A')"
Anishka Gupta,1,28 May 2024,"Kindly ensure the payment gateway is working, also it's lagging. Address is not getting saved after too many tries. Inshort, it's lagging and shall be fixed with immediate effect.",Kult E-commerce,2024-06-03,2 people found this review helpful
Hiza hina,1,26 May 2024,I can't select my country at time of login on this app,Kult E-commerce,2024-06-03,"('N/A', 'N/A')"
Medha Reddy Marri,1,24 May 2024,ü§Æ,Kult E-commerce,2024-06-03,"('N/A', 'N/A')"
Bandana Rathore,1,23 May 2024,No idea what the developers of this app are doing. I have been trying to log in since yesterday but just doesn't sends the otp to login. Horrible experience,Kult E-commerce,2024-06-03,"('N/A', 'N/A')"
Bhavishya,3,23 May 2024,Laggy app,Kult E-commerce,2024-06-03,"('N/A', 'N/A')"
Bisma Salam,2,22 May 2024,I've seen many peoples giving good opinion about this app That's why I download it and check it but most of the products I was looking for was not available on it like rom&nd juicy lip gloss and I see someone talking about cosrx... But when I search for it there isn't any brand shown named as cosrxüòπüòπ and most of the products are out of stock and most heartbreaking is when I applied any codes there's no cash on delivery option... That's so impartiality...i hope you'll find any solution for it.,Kult E-commerce,2024-06-03,10 people found this review helpful
Aien P,2,22 May 2024,Not many products. Most of them are out of stock,Kult E-commerce,2024-06-03,"('N/A', 'N/A')"
Purnima Singh,5,21 May 2024,I loved the products...idk why people have written negative comments over here but i recently came across this app through insta and i was a little sceptical about it ....they offer a huge discount on every product by their coupon codes that keeps changing.. overall it was really great shopping with kult‚ù§Ô∏è,Kult E-commerce,2024-06-03,8 people found this review helpful
Mumtaz Sahani,1,21 May 2024,How am I supposed to place an order if I can't even save my address on the app !? The app itself is full of glitches and the screen blacks out instead of loading .,Kult E-commerce,2024-05-21,"('N/A', 'N/A')"
Naaz,1,21 May 2024,Always products are out of stock it's better you please close the app too. This is so disappointing,Kult E-commerce,2024-06-03,"('N/A', 'N/A')"
BLACKPINK'S 5th member,5,21 May 2024,Really nice app and love the graphics üíó,Kult E-commerce,2024-06-03,"('N/A', 'N/A')"
Gunika Khurana,1,19 May 2024,I can't even log in. Like it's so problematic. Useless app,Kult E-commerce,2024-05-21,"('N/A', 'N/A')"
Payel Jana,1,17 May 2024,Worst app i just back to address to recheck it and the coupon is not applicable anymore and i am typing the coupon again and again still not working,Kult E-commerce,2024-05-18,1 person found this review helpful
Ayisha Siddika H,5,17 May 2024,Wonderful app with huge discounts,Kult E-commerce,2024-05-18,"('N/A', 'N/A')"
Shruti,3,12 May 2024,"To be honest it's a good app products are great everything else is very good, but the products are always in sold out position and it takes them a lot of time for them to be in stock again... That's the only issue i have faced..",Kult E-commerce,2024-05-13,16 people found this review helpful
AS craft creativity,3,12 May 2024,I am not getting the otp what should i do now,Kult E-commerce,2024-05-13,"('N/A', 'N/A')"
Ruhi Hanifa Quazi,5,11 May 2024,I dont know why people are leaving negative reviews. Till date i have very good experience with Kult and team.,Kult E-commerce,2024-05-12,1 person found this review helpful
Arya Kesharwani,5,11 May 2024,"Ordered multiple times, always had a good experience with Kult. So kult so cool :)",Kult E-commerce,2024-05-12,1 person found this review helpful
Selvam Harish Selvam Harish,1,10 May 2024,App does not work,Kult E-commerce,2024-05-12,"('N/A', 'N/A')"
Sumi,1,9 May 2024,"301848 is my order i have received yesterday on 8th of may 2024. But just when i received my order one of my order is missing, i placed two order. I raised complaint instantly after finding it was missing but today they told me they cany refund me nor provide replacement. How can they make such a mistake and cannot even take responsibility? They cannot even provide me footage also. This is a fraud. Dont buy from this app. They intentionally did not put the product.",Kult E-commerce,2024-05-12,8 people found this review helpful
Deepshikha Negi,5,9 May 2024,Best of all beauty products apps üíú I appreciate the efforts of every person associated with kult üíå Grateful to have uhüåª,Kult E-commerce,2024-05-12,"('N/A', 'N/A')"
Varnnana BR,1,3 May 2024,Recently made a purchase and I wanted to return the product and I send email whic pop up on the site and got email that says email not delivered . What a pathetic service. Now the return date is closed .,Kult E-commerce,2024-05-06,"('N/A', 'N/A')"
Yashank Aggarwal,5,2 May 2024,Great app with great offers!,Kult E-commerce,2024-05-06,"('N/A', 'N/A')"
Anita Bele,1,27 April 2024,They dont take any returns.,Kult E-commerce,2024-05-02,"('N/A', 'N/A')"
Ayushi Roy,1,27 April 2024,Cod is unavailable,Kult E-commerce,2024-05-02,"('N/A', 'N/A')"
Syeda Shereen Fathima,2,27 April 2024,Restock the Cosrx Snail Mucin 96 Essence asap,Kult E-commerce,2024-05-02,"('N/A', 'N/A')"
Saloni Rawat,1,27 April 2024,At least restock items and expand your stock. It's been out of stock for weeks,Kult E-commerce,2024-05-01,"('N/A', 'N/A')"
harini ‡≠®‡≠ß,3,26 April 2024,So i currently placed a order consisting of two products and there is no option to know the estimated delivery date. I think it'll be more flexible to know when your order will be delivered,Kult E-commerce,2024-04-26,6 people found this review helpful
Jyotirmayee Behera,5,25 April 2024,Best Beauty app ever in India Amazing offers with goodies love it...I wish I knew it before,Kult E-commerce,2024-04-26,1 person found this review helpful
Rusha Nath,5,23 April 2024,They are giving best offers and i love it,Kult E-commerce,2024-04-23,1 person found this review helpful
Sushmita Solanki,5,21 April 2024,I just found a treasure on Play Store..üíù with lot's off offers .,Kult E-commerce,2024-04-22,"('N/A', 'N/A')"
MRS.RUTH PAUL,1,20 April 2024,"Horrible app. Firstly their tracking system is almost non-existent; they don't show you the tracking of the order it just shows ""order in process"" and then randomly one day the order will get delivered. That's not even the end of it. I ordered 3 products from them in their sale, paid for the 3 products and got only 2. Ive written emails to them multiple times with evidence and their logic was since there is no evidence of a damaged outer packaging, the order has been delivered. So disappointing",Kult E-commerce,2024-04-22,81 people found this review helpful
Krati Upadhyay,1,18 April 2024,Nothing is ever in stock. Literally everything is always put of stock.,Kult E-commerce,2024-04-19,"('N/A', 'N/A')"
Praneeth Koppolu,5,17 April 2024,THE PERFECT APP ü§åüèº,Kult E-commerce,2024-04-18,"('N/A', 'N/A')"
R C,4,13 April 2024,"Recently recieved my first ever purchase from them and the packaging was so cute!! My products came in a very fancy looking purple box that closes with a magnet!!! It felt like immense thought was put into making my experience worthwhile, and it was. On top of the mindblowing discount, I also received a freebie! I would purchase from Kult again and again. The only problem now is that every single item on my wishlist is OOF. There's a select products available on the website now :( Help!!",Kult E-commerce,2024-04-15,13 people found this review helpful
Nazmina Falak,4,12 April 2024,Please avail offers on minimalist products too,Kult E-commerce,2023-12-29,1 person found this review helpful
15 Payal kumari 12COM,1,12 April 2024,"I am not able to open the app, now matter how much I try I can't put my phone number,worst app",Kult E-commerce,2024-04-15,2 people found this review helpful
Hiya Ghosh,5,11 April 2024,Ordered the Jason Wu lip products. The packaging was really good. Got a freebie and 50% discount.,Kult E-commerce,2024-04-12,"('N/A', 'N/A')"
Archana Bhartiya,5,10 April 2024,Kuntal M Bhrtiya Parmar,Kult E-commerce,2024-04-11,"('N/A', 'N/A')"
zephyr _04,3,10 April 2024,I think that the app is overall nice but it's a bit annoying when the product that you wish to buy is constantly out of stock.,Kult E-commerce,2024-04-11,3 people found this review helpful
Deeksha N V,1,8 April 2024,Worst user experience. App got stuck in login itself and country drop down is not working.. Need improve a lot,Kult E-commerce,2024-04-11,2 people found this review helpful
Polamarasetty Jahnavi,1,8 April 2024,There is no order cancel option and also customer support is responding,Kult E-commerce,2024-04-11,4 people found this review helpful
Nisha Singh,1,7 April 2024,I've tried to login to this app but it is not even working. I've entered my number for so many times but the country selection option is not even working. Worst,Kult E-commerce,2024-04-07,8 people found this review helpful
Mahajan Bhoomika,5,6 April 2024,Future nykaaü•≥ü•≥,Kult E-commerce,2024-04-07,1 person found this review helpful
Simran Kashab,5,5 April 2024,"Kult is amazing, have been using it for quite some time now and I'm never looking back. Just came here to express my love to you guys and it definitely is a kult. Be ware!! üòâ",Kult E-commerce,2024-04-07,1 person found this review helpful
Kulu Rai,5,5 April 2024,Besttttt app everrrrrüò≠üò≠I got my favourite products in such a low budget and the packaging is so cuteeee also there's always the free items in every orders love it sm! Thank you so much ü•π,Kult E-commerce,2024-04-07,6 people found this review helpful
Shradha Shukla,5,5 April 2024,Love this app. My favourite shopping app,Kult E-commerce,2024-04-07,1 person found this review helpful
Priyanka Jana,1,5 April 2024,üò°üò°üò°üò°üò°üò°,Kult E-commerce,2024-04-07,1 person found this review helpful
DISHITA SHAH,3,4 April 2024,The app is not opening. I'm unable to log in.,Kult E-commerce,2024-04-05,2 people found this review helpful
Sania Nawaz,5,4 April 2024,"There are so many bad comments, but guys, give it a chance. I'm ordering a Cosrx Sanil Mucin on April 1 and getting my order on April 4... Before ordering, I'm a little bit scared, but after receiving it, I'm really satisfied, and the packaging, OMG, wow, I've never seen such cute packaging ever. The Kult app is so underrated... But only one thing is bothering me: they said they give freebies on orders above 500, but I've not received any kind of freebie on order 790. But it's ok‚ù§Ô∏è",Kult E-commerce,2024-04-05,39 people found this review helpful
Anima Kushary,1,4 April 2024,Literally this app is worst!! Idk if their so called influencers get paid for the reviews. I install the app open it but can't even get started it wouldn't let me login. It's the worst.,Kult E-commerce,2024-04-04,2 people found this review helpful
Ananya Kashyap,5,2 April 2024,Best,Kult E-commerce,2024-04-03,"('N/A', 'N/A')"
Mustafy Sultana,3,2 April 2024,"Please stock up some hair care brands like Schwarzkopf professional, L'Oreal professional, matrix professional and also restock the products of wella professional.",Kult E-commerce,2024-04-03,9 people found this review helpful
Somali Shaw,1,1 April 2024,Worst app! I don't get the hype of the app when it doesn't let customers go beyond the login page! I put the number a thousand times and reinstalled the app multiple times as well but it won't take my number nor would it process the OTP!!! ü§∑üèª‚Äç‚ôÄÔ∏è,Kult E-commerce,2024-04-01,8 people found this review helpful
Svt jihan,1,1 April 2024,Very very bad experience from this app it kept crashing finally I uninstalled it,Kult E-commerce,2024-04-01,1 person found this review helpful
seema jain,1,1 April 2024,App is not working,Kult E-commerce,2024-04-01,"('N/A', 'N/A')"
Khadija nisar,1,31 March 2024,I need my refund the customer care number is not even working!!!!!! Plz check on my cancelled order I need my refund,Kult E-commerce,2024-04-01,"('N/A', 'N/A')"
Kar Pi,5,31 March 2024,I love this app . just go for it üò≠üò≠üò≠üíóüíóüíóüíóüíùüíù,Kult E-commerce,2024-04-01,"('N/A', 'N/A')"
Afsha Anjum,1,29 March 2024,I have got the dupe of Cosrx Snail Mucin Product it was my first time buying this product which is so hyped and that too from Kult App first time order seriously my heart just broke üíîü•∫please don't waste your money on this App.,Kult E-commerce,2024-04-01,1 person found this review helpful
Nidhi Gupta,1,27 March 2024,Unable to give coupon code from first day of download. It's very frustrating,Kult E-commerce,2024-04-01,2 people found this review helpful
Seema Chitre,1,27 March 2024,"This app does not have option to remove products from the cart. I also tried uninstalling the app but it does not work. Surprising that this feature should be missing on an online shopping app. Not sure how the ""influencers"" Never talk about this. That is why I have Trust Issues with these Honest Influencers. üòè",Kult E-commerce,2024-04-01,30 people found this review helpful
Musaina Musaina,1,26 March 2024,Heyy kult!!!!!!!! Please send the products in portblair also they are not valid so i think u should fix this asap!!!,Kult E-commerce,2024-04-01,1 person found this review helpful
Letminlen Singson,1,25 March 2024,"The products they sell are not authentic, please don't purchase from them.",Kult E-commerce,2024-04-01,"('N/A', 'N/A')"
Ridha Rayees,1,24 March 2024,Worst app. I can't even open this app I tried many times,Kult E-commerce,2024-03-25,"('N/A', 'N/A')"
Towheed Ashraf,1,23 March 2024,Not showing images of products,Kult E-commerce,2024-03-25,"('N/A', 'N/A')"
Arunima Roy,5,23 March 2024,Wonderful app!!! Unbelievable offers on luxe beauty products. Authentic products.,Kult E-commerce,2024-03-25,2 people found this review helpful
Priya Mudaliar,1,23 March 2024,Poor customer care experience,Kult E-commerce,2024-03-25,"('N/A', 'N/A')"
Rashmi Sharma,1,23 March 2024,"The company operates unethically, causing chaos with sudden stock-ups and limited availability, while also engaging in provocative online banter and constantly changing offers, turning purchasing into a game akin to the Hunger Games. It's disgraceful to see them manipulate customers' emotions and money, fostering a negative attitude towards purchasing. Additionally, their toxic work environment forces employees to toil through the night for the sadistic pleasure of upper management.",,,"('N/A', 'N/A')"
Shubham Parihar,1,23 March 2024,Can't even sign up,Kult E-commerce,2024-03-25,"('N/A', 'N/A')"
Bahar Jain,2,23 March 2024,"App doesn't work in between, shows blank screen too often.",Kult E-commerce,2024-03-25,3 people found this review helpful
Shreya Gupta,2,22 March 2024,Why so many products are out of stock nd several are not in stock please restock every item specially the face shop or body shop rice moisture I love this app bt only thing that I dislike about this app that several item are not available in this app please arrange it otherwise how can people purchase items for this app firstly I hear about this app I was so happy because this app provide Korean products nd I love Korean products bt I can't aspect which ever product that I used is out of stocksk,Kult E-commerce,2024-03-22,12 people found this review helpful
Greeshma Reddy,1,19 March 2024,"Worst app ever.‚ùå‚ùå‚ùå There is no return/cancel option. I have mailed them to return and they said return is not possible. Don't make a mistake by ordering from here. The flat2000 offer is tempting, but the products are not that good. Don't buy from kult.‚ùå‚ùå‚ùå",Kult E-commerce,2024-03-21,12 people found this review helpful
Piyush Mehta,1,15 March 2024,"worst user interface, unable to even add address , deserves a zero star",Kult E-commerce,2024-03-18,2 people found this review helpful
Krittika Dev,3,13 March 2024,It's crashing,Kult E-commerce,2024-03-14,"('N/A', 'N/A')"
Srividhya Jayakumar,1,12 March 2024,"Terrible experience with the customer service. Product is missing, 'comprehensive investigation' states it was packed. They don't share any resolution or a way to escalate. Rechecked today, the product is out of stock. I wonder if it was ever packed. No evidence to their claims despite asking the same of their customers. Also, was told by their executive to record all unboxing videos. Why is the onus on the customer and not the business?",Kult E-commerce,2024-03-14,21 people found this review helpful
Rupanjali Dubey,1,12 March 2024,Bekar app h kaam hi nshi krta,Kult E-commerce,2024-03-13,"('N/A', 'N/A')"
Priya Dharshini,1,12 March 2024,No proper solution for the query and delivery of the product is pathetic. So disappointed with kult. Ordered one product but received used different product. Then asked for refund but they said refund is not possible for this product. Please don't buy from this app,Kult E-commerce,2024-03-14,6 people found this review helpful
Kumud Rathod,4,10 March 2024,Excellent,Kult E-commerce,2024-03-11,1 person found this review helpful
Alphina V,5,8 March 2024,Offers authentic products with affordable prices. It's really nice that they have International brands with great offers. Got My first parcel and very much Happy with that. Will purchase more. üíØ % Recommending it to everyone.,Kult E-commerce,2024-03-08,11 people found this review helpful
Vidhi Yadav,1,7 March 2024,"This app is just horrible. It is not working idk why. I can't even look at those products, it stops working.",Kult E-commerce,2024-03-08,4 people found this review helpful
Kanchan Kumari,1,1 March 2024,This app is not working mein OTP daal rhi hu but log in nhi ho rha h app not work properly,Kult E-commerce,2024-03-03,1 person found this review helpful
Tushar P,1,28 February 2024,"App doesn't work on my Redmi Note 4 nor on my iPad 2. It opens but only shows app icons, rest all is invisible. They don't even have an Alternate website where I can place my Order. Such a Disappointment üòî",Kult E-commerce,2024-02-29,8 people found this review helpful
Pinkal Patel,1,22 February 2024,I just downloaded this app and I'm not able to sign in using my mobile number. What to do?,Kult E-commerce,2024-02-22,1 person found this review helpful
Manshu Chandra,1,20 February 2024,Delayed the order and after return they are not processing the refund!!,Kult E-commerce,2024-02-20,2 people found this review helpful
Lungdayile Siang,5,16 February 2024,Very nice experience... Love the app so promising... Never disappoint till now very much satisfied will continue to use this app in future tooüòò,Kult E-commerce,2024-02-18,2 people found this review helpful
Meenakshi Tuteja,1,15 February 2024,not yet,Kult E-commerce,2024-02-18,1 person found this review helpful
Mahera Ansari,5,14 February 2024,"Best app i have ever found, the packaging is so cute. The first product I got in half price with their great 50% off deal. Thank you so much Kult. Please keep coming back with more offers üò≠üíï",Kult E-commerce,2024-02-15,2 people found this review helpful
Shaziya Siddiqui,1,13 February 2024,"Fake products, bad customer support. Don't waste your money for discounts.",Kult E-commerce,2024-02-15,1 person found this review helpful
Tridisha Phukan,1,9 February 2024,Packing is not good. Received a broken pallete as a freebie. Price discrepancy is also there. On the launch day the listed prices of some products were high and next day they dropped the mrp by 20%,Kult E-commerce,2024-02-15,4 people found this review helpful
Prateekshya Panda,2,9 February 2024,Please please bring Cetaphil products.,Kult E-commerce,2024-02-15,"('N/A', 'N/A')"
Selva Rajan,1,4 February 2024,App keeps closing! I didn't know why . My phone says kult keeps stopping.,Kult E-commerce,2024-02-15,6 people found this review helpful
iqra shaikh,2,27 January 2024,I have placed my order 5 days ago but I have not got any updates regarding the order. The application assures dispatching of the product in 24-28 hours but there's no response at all. I feel this application is a big scam and fraud. I want reply as soon as possible regarding my order,Kult E-commerce,2024-02-15,15 people found this review helpful
mango,5,26 January 2024,love this app even tho I haven't ordered anything but would love to! can ya all bring back the isntree green tea toner or the isntree line itself? I'm on my knees fr! also since I'm a new user I missed out the kult75 offers that existed (yes I REGRET itüò≠) but bringing that back aswell would make me unstoppable from stocking up all my skincare hahahah üëπüëπ I also heard ya all have good customer service and that's soo great! ü•πüéÄü´ß keep up w the good work ü´∂üèªü´∂üèª,Kult E-commerce,2024-02-15,"('N/A', 'N/A')"
Suraksha,5,20 January 2024,Great discounts and the products are greatttt,Kult E-commerce,2024-01-26,"('N/A', 'N/A')"
Ashiak,5,9 January 2024,Geniune k-beauty products and fast delivery. Loved it!,Kult E-commerce,2024-01-11,1 person found this review helpful
gayatri patel,5,8 January 2024,Super,Kult E-commerce,2024-01-11,1 person found this review helpful
Aaradhya Singh,1,8 January 2024,"Pathetic experience, the app dsnt work at all, what's the point of discount when u just can't place order , it's really pathetic.",Kult E-commerce,2024-01-11,"('N/A', 'N/A')"
Muskan Shaikh,5,5 January 2024,Fantastic,Kult E-commerce,2024-01-11,1 person found this review helpful
Saroja Rasaily,5,22 December 2023,My experience was amazing..my parcel got delivered in 3-4 days and it's discounts are on unmatched,Kult E-commerce,2023-12-29,1 person found this review helpful
Kanan Singhal,2,21 December 2023,Most shades and products are always out of stock. They don't care to restock them.,Kult E-commerce,2023-12-21,5 people found this review helpful
Zeze Xexe,1,15 November 2023,Is there something wrong with this app? I have tried to login/register so many times but it doesn't allow me to. It always shows buffering. I have deleted and reinstalled so many times but still no solution,Kult E-commerce,2023-11-16,3 people found this review helpful
Parul Mahendru,1,11 November 2023,No use of this app.. they charge extra money on MRP as well. And 50% discount is going on .. what is the use ? When you already set high prices and then giving us the discount. Bakwas üòÅ nykka is better,Kult E-commerce,2023-11-16,2 people found this review helpful
Blah blah blahh,1,5 November 2023,Everyone just says that there are good offers not there's nothing! A total waste of data for downloading this app!,Kult E-commerce,2023-11-07,3 people found this review helpful
Fiza shaikh,5,31 October 2023,"Very nice app, they delivered me in 1 day customer care is also very nice the only problem, the number you call on customer care and the number they used to call you as an customer care is not same, they deliver authentic product with great discounts, thanks kult app",Kult E-commerce,2023-11-07,5 people found this review helpful
Komal Maharshi,1,23 September 2023,The app doesnt even work i tried logging in but its useless. OTP never arrived so couldnt even start the application. Whats the point of having it when it doesnt log in. Will be uninstalling it asap,Kult E-commerce,2023-10-04,3 people found this review helpful
Vivek Bhatnagar,5,18 September 2023,Amazing stuff...love it,Kult E-commerce,2023-09-18,"('N/A', 'N/A')"
Kavita Shiva,5,14 September 2023,"Ordered from the kult 1pm sale and it was a smooth experience. The order was processed, looking forward to the getting the order now.",Kult E-commerce,2023-09-15,1 person found this review helpful
kavita Khandelwal,5,16 August 2023,Free delivery plus flat 25% shopped alot. Nice app and videos,Kult E-commerce,2023-08-21,4 people found this review helpful
Varnika Khandelwal,5,16 August 2023,Amazing choice of luxury brands with great offers.,Kult E-commerce,2023-08-21,3 people found this review helpful
Sanya,1,2 July 2023,Why kult75 coupon is not working for my firts order,Kult E-commerce,2023-07-12,4 people found this review helpful
Vanshika Rajput,4,8 May 2023,Customer care number doesn't work and it say order will get dispatch in 24-48 but it took 2-3 day still not dispatched,Kult E-commerce,2023-05-08,4 people found this review helpful
P Sumanth,1,20 April 2023,So basically they have couple of useless products... With 0 proper re stocks.. This is absolutely ridiculous,Kult E-commerce,2023-04-20,5 people found this review helpful
Medha Chandra,1,20 April 2023,"This app is the worst, no proper restock is available and sometimes once you place the order they will cancel it after few days stating product is oos.",Kult E-commerce,2023-04-20,11 people found this review helpful
ankita diya,5,10 April 2023,Really Happy with the platform. Consumers are getting an opportunity to use luxury products at best prices. Highly recommended,Kult E-commerce,2023-04-10,3 people found this review helpful
Rohan Bhatia,5,5 April 2023,Wonderful app.,Kult E-commerce,2023-04-10,2 people found this review helpful
Aastha Tripathi,5,5 April 2023,Its a beautiful app... 100% Original products.. and the packing is so beutiful.. Premium experience... and Yes You can only place order from iOS not android :),Kult E-commerce,2023-04-10,6 people found this review helpful
Salma Rizwi,1,31 March 2023,It's not working at the time of checkout,Kult E-commerce,2023-04-10,2 people found this review helpful
Akarshi Singh,1,31 March 2023,Making a fool out of customers. The App doesn't work. Why to launch apps when they don't work. No option after check out!! Useless app!,Kult E-commerce,2023-04-10,11 people found this review helpful
Parmeshwar Nagargoje,5,30 March 2023,Nice experience with kult,Kult E-commerce,2023-04-10,2 people found this review helpful
Kamini Bhati,1,29 March 2023,App is not working after clicking the option place order.,Kult E-commerce,2023-04-10,3 people found this review helpful
